,City,Market,Role,Year,Month,Day,is_holiday,holiday_eve_1,holiday_eve_2,post_holiday_1,post_holiday_2,WeekOfDay_0,WeekOfDay_1,WeekOfDay_2,WeekOfDay_3,WeekOfDay_4,WeekOfDay_5,WeekOfDay_6,Leave/Off Hours,available Hours,break Hours,coaching Hours,fb_training Hours,meal Hours,non-fb-training Hours,onboarding Hours,team_meeting Hours,wellness_support Hours,ActiveCount,NHires,NFires,Required FTE,Prod Max Billable Hrs,Excess FTE,% Hiring,% Firing,% Hiring MA,% Firing MA,PrevCount
2023-01-02,SG,CHINESE_CANTONESE,Content Reviewer,2023,1,2,1,0.0,0.0,1.0,0.0,1,0,0,0,0,0,0,0.0,54.67,3.689166666666667,1.759722222222222,0.0,7.076944444444444,0.0,0.0,1.8316666666666668,0.0,14.013240740740741,3,0,10.0,1640.0,7.0,0.21428571428571427,0.0,0.0023809523809523807,0.001435185185185185,14.0
2023-01-03,SG,CHINESE_CANTONESE,Content Reviewer,2023,1,3,0,0.0,0.0,1.0,1.0,0,1,0,0,0,0,0,0.0,69.43638888888891,4.623888888888889,1.586666666666667,0.0,8.964444444444444,0.0,0.0,3.4619444444444447,0.7652777777777777,17.016078042328044,0,0,10.0,1640.0,7.0,0.0,0.0,0.0023809523809523807,0.001435185185185185,17.0
2023-01-04,SG,CHINESE_CANTONESE,Content Reviewer,2023,1,4,0,0.0,0.0,0.0,1.0,0,0,1,0,0,0,0,0.0,84.80527777777777,6.167222222222221,0.0086111111111111,9.05638888888889,11.9575,0.0,0.0,1.2425,4.005277777777778,17.016078042328044,0,0,10.0,1640.0,7.0,0.0,0.0,0.0023809523809523807,0.001435185185185185,17.0
2023-01-05,SG,CHINESE_CANTONESE,Content Reviewer,2023,1,5,0,0.0,0.0,0.0,0.0,0,0,0,1,0,0,0,0.0,74.24611111111112,5.088333333333335,2.3000000000000003,0.0,10.131944444444445,0.0,0.0,3.4066666666666667,3.7397222222222224,17.01607804232804,1,1,10.0,1640.0,7.0,0.058823529411764705,0.058823529411764705,0.0030345471521942106,0.002088779956427015,17.0
2023-01-06,SG,CHINESE_CANTONESE,Content Reviewer,2023,1,6,0,0.0,0.0,0.0,0.0,0,0,0,0,1,0,0,0.0,72.45861111111113,4.989444444444446,1.646388888888889,0.0,10.039722222222222,0.0,0.0,3.7713888888888887,3.023055555555556,17.00496693121693,0,1,10.0,1640.0,6.0,0.0,0.058823529411764705,0.0030345471521942106,0.0027423747276688454,17.0
2023-01-07,SG,CHINESE_CANTONESE,Content Reviewer,2023,1,7,0,0.0,0.0,0.0,0.0,0,0,0,0,0,1,0,0.0,66.00722222222224,3.978611111111111,0.0066666666666666,0.0,7.935555555555556,0.0,0.0,0.0,0.0,16.004674758792405,0,0,10.0,1640.0,6.0,0.0,0.0,0.0030345471521942106,0.0027423747276688454,16.0
2023-01-08,SG,CHINESE_CANTONESE,Content Reviewer,2023,1,8,0,0.0,0.0,0.0,0.0,0,0,0,0,0,0,1,0.0,56.385000000000005,3.431666666666666,0.0,0.0,7.018333333333333,0.0,0.0,0.0,1.0308333333333333,16.004674758792405,0,0,10.0,1640.0,6.0,0.0,0.0,0.0030345471521942106,0.0027423747276688454,16.0
2023-01-09,SG,CHINESE_CANTONESE,Content Reviewer,2023,1,9,0,0.0,0.0,0.0,0.0,1,0,0,0,0,0,0,0.0,70.44777777777779,4.729166666666666,1.9697222222222224,6.078055555555556,10.033055555555556,0.0,0.0,3.4325,1.5205555555555557,16.004674758792405,0,0,10.0,1640.0,6.0,0.0,0.0,0.0030345471521942106,0.0027423747276688454,16.0
2023-01-10,SG,CHINESE_CANTONESE,Content Reviewer,2023,1,10,0,0.0,0.0,0.0,0.0,0,1,0,0,0,0,0,0.0,54.897777777777776,4.009166666666666,5.634722222222223,0.0,8.0825,0.0,0.0,2.8430555555555554,2.3266666666666667,16.004674758792405,0,0,10.0,1640.0,6.0,0.0,0.0,0.0030345471521942106,0.0027423747276688454,16.0
2023-01-11,SG,CHINESE_CANTONESE,Content Reviewer,2023,1,11,0,0.0,0.0,0.0,0.0,0,0,1,0,0,0,0,0.0,54.1036111111111,3.771388888888888,0.9338888888888888,8.307777777777778,8.026388888888889,0.0,0.0,0.4819444444444444,2.9908333333333337,16.004674758792405,0,0,10.0,1640.0,6.0,0.0,0.0,0.0030345471521942106,0.0027423747276688454,16.0
2023-01-12,SG,CHINESE_CANTONESE,Content Reviewer,2023,1,12,0,0.0,0.0,0.0,0.0,0,0,0,1,0,0,0,0.0,49.730555555555576,3.2388888888888885,0.987777777777778,0.0,7.020277777777777,0.0,0.0,6.291388888888887,1.5080555555555557,16.004674758792405,0,0,10.0,1640.0,6.0,0.0,0.0,0.0030345471521942106,0.0027423747276688454,16.0
2023-01-13,SG,CHINESE_CANTONESE,Content Reviewer,2023,1,13,0,0.0,0.0,0.0,0.0,0,0,0,0,1,0,0,0.0,58.23027777777778,3.873888888888889,2.5619444444444444,0.0,7.976388888888889,0.0,0.0,2.185833333333333,1.0716666666666668,16.004674758792405,0,0,10.0,1640.0,6.0,0.0,0.0,0.0030345471521942106,0.0027423747276688454,16.0
2023-01-14,SG,CHINESE_CANTONESE,Content Reviewer,2023,1,14,0,0.0,0.0,0.0,0.0,0,0,0,0,0,1,0,0.0,50.727222222222224,2.9975000000000005,0.0,0.0,6.035277777777778,0.0,0.0,0.3186111111111111,0.0,16.004674758792405,0,0,10.0,1640.0,6.0,0.0,0.0,0.0030345471521942106,0.0027423747276688454,16.0
2023-01-15,SG,CHINESE_CANTONESE,Content Reviewer,2023,1,15,0,0.0,0.0,0.0,0.0,0,0,0,0,0,0,1,0.0,56.47916666666666,3.494166666666666,0.0,0.0,7.046111111111111,0.0086111111111111,0.0,0.0,0.9886111111111112,16.004674758792405,0,0,10.0,1640.0,6.0,0.0,0.0,0.0030345471521942106,0.0027423747276688454,16.0
2023-01-16,SG,CHINESE_CANTONESE,Content Reviewer,2023,1,16,0,0.0,0.0,0.0,0.0,1,0,0,0,0,0,0,0.0,60.10194444444443,4.048333333333334,1.061388888888889,0.7513888888888889,8.090555555555556,0.0,0.0,3.0311111111111115,1.5719444444444446,16.004674758792405,0,0,10.0,1640.0,6.0,0.0,0.0,0.0030345471521942106,0.0027423747276688454,16.0
2023-01-17,SG,CHINESE_CANTONESE,Content Reviewer,2023,1,17,0,0.0,0.0,0.0,0.0,0,1,0,0,0,0,0,0.0,69.68166666666666,4.4188888888888895,1.908333333333333,0.0,8.972777777777777,0.0,0.0,2.829166666666666,0.0,16.004674758792405,0,0,10.0,1640.0,6.0,0.0,0.0,0.0030345471521942106,0.0027423747276688454,16.0
2023-01-18,SG,CHINESE_CANTONESE,Content Reviewer,2023,1,18,0,0.0,0.0,0.0,0.0,0,0,1,0,0,0,0,0.0,59.196666666666665,3.8802777777777777,0.5694444444444444,6.024166666666667,8.164444444444444,0.0,0.0,0.4269444444444444,0.7477777777777778,16.004674758792405,0,0,10.0,1640.0,6.0,0.0,0.0,0.0030345471521942106,0.0027423747276688454,16.0
2023-01-19,SG,CHINESE_CANTONESE,Content Reviewer,2023,1,19,0,0.0,0.0,0.0,0.0,0,0,0,1,0,0,0,0.0,62.41499999999999,3.910555555555556,1.9391666666666665,0.0,7.915,0.0,0.0,2.404166666666667,1.5208333333333337,16.004674758792405,0,0,10.0,1640.0,6.0,0.0,0.0,0.0030345471521942106,0.0027423747276688454,16.0
2023-01-20,SG,CHINESE_CANTONESE,Content Reviewer,2023,1,20,0,0.0,1.0,0.0,0.0,0,0,0,0,1,0,0,0.0,76.36777777777779,5.318888888888888,2.7941666666666665,0.7561111111111111,11.3125,0.0,0.0,2.9908333333333337,5.264722222222222,16.004674758792405,0,0,10.0,1640.0,6.0,0.0,0.0,0.0030345471521942106,0.0027423747276688454,16.0
2023-01-21,SG,CHINESE_CANTONESE,Content Reviewer,2023,1,21,0,1.0,1.0,0.0,0.0,0,0,0,0,0,1,0,0.0,24.688888888888886,1.396388888888889,0.0,0.0,2.9491666666666667,0.0,0.0,0.2352777777777777,0.7422222222222222,16.004674758792405,0,0,10.0,1640.0,6.0,0.0,0.0,0.0030345471521942106,0.0027423747276688454,16.0
2023-01-22,SG,CHINESE_CANTONESE,Content Reviewer,2023,1,22,1,1.0,1.0,0.0,0.0,0,0,0,0,0,0,1,0.0,38.90555555555555,2.623888888888889,0.0,0.0,4.946944444444444,0.0,0.0,0.0,1.6466666666666667,16.004674758792405,0,0,10.0,1640.0,6.0,0.0,0.0,0.0030345471521942106,0.0027423747276688454,16.0
2023-01-23,SG,CHINESE_CANTONESE,Content Reviewer,2023,1,23,1,1.0,0.0,1.0,0.0,1,0,0,0,0,0,0,0.0,45.23555555555555,3.0775,1.5422222222222222,0.0,5.974444444444445,0.0,0.0,1.4761111111111112,1.514722222222222,16.004674758792405,0,0,10.0,1640.0,6.0,0.0,0.0,0.0030345471521942106,0.0027423747276688454,16.0
2023-01-24,SG,CHINESE_CANTONESE,Content Reviewer,2023,1,24,1,0.0,0.0,1.0,1.0,0,1,0,0,0,0,0,0.0,45.52722222222221,2.916111111111112,1.8194444444444444,0.0,6.0183333333333335,0.0,0.0,1.4625,1.495,16.004674758792405,0,0,10.0,1640.0,6.0,0.0,0.0,0.0030345471521942106,0.0027423747276688454,16.0
2023-01-25,SG,CHINESE_CANTONESE,Content Reviewer,2023,1,25,0,0.0,0.0,1.0,1.0,0,0,1,0,0,0,0,0.0,66.41333333333334,3.453888888888889,0.0591666666666666,4.509722222222222,7.045833333333334,0.0,0.0,0.2552777777777777,1.522222222222222,16.004674758792405,0,0,10.0,1640.0,6.0,0.0,0.0,0.0030345471521942106,0.0027423747276688454,16.0
2023-01-26,SG,CHINESE_CANTONESE,Content Reviewer,2023,1,26,0,0.0,0.0,0.0,1.0,0,0,0,1,0,0,0,0.0,82.13694444444442,4.234444444444445,2.4777777777777774,0.0,8.980555555555556,0.0,0.0,11.716388888888892,2.278611111111111,16.004674758792405,0,0,10.0,1640.0,6.0,0.0,0.0,0.0030345471521942106,0.0027423747276688454,16.0
2023-01-27,SG,CHINESE_CANTONESE,Content Reviewer,2023,1,27,0,0.0,0.0,0.0,0.0,0,0,0,0,1,0,0,0.0,74.84861111111111,4.5266666666666655,2.8711111111111114,0.0,9.991388888888888,0.0,0.0,3.213055555555556,0.0,16.004674758792405,0,0,10.0,1640.0,6.0,0.0,0.0,0.0030345471521942106,0.0027423747276688454,16.0
2023-01-28,SG,CHINESE_CANTONESE,Content Reviewer,2023,1,28,0,0.0,0.0,0.0,0.0,0,0,0,0,0,1,0,0.0,30.50277777777778,1.9569444444444444,0.0747222222222211,0.0,2.9655555555555555,0.0,0.0,0.0,1.2858333333333334,16.004674758792405,0,0,10.0,1640.0,6.0,0.0,0.0,0.0030345471521942106,0.0027423747276688454,16.0
2023-01-29,SG,CHINESE_CANTONESE,Content Reviewer,2023,1,29,0,0.0,0.0,0.0,0.0,0,0,0,0,0,0,1,0.0,47.87277777777778,2.928333333333333,0.0,0.0,6.008611111111111,0.0,0.0,0.0,1.241111111111111,16.004674758792405,0,0,10.0,1640.0,6.0,0.0,0.0,0.0030345471521942106,0.0027423747276688454,16.0
2023-01-30,SG,CHINESE_CANTONESE,Content Reviewer,2023,1,30,0,0.0,0.0,0.0,0.0,1,0,0,0,0,0,0,0.0,69.61861111111111,4.992222222222222,2.784722222222222,1.4180555555555556,9.93361111111111,0.0,0.0,5.623055555555556,4.5575,16.004674758792405,0,0,10.0,1640.0,6.0,0.0,0.0,0.0030345471521942106,0.0027423747276688454,16.0
2023-01-31,SG,CHINESE_CANTONESE,Content Reviewer,2023,1,31,0,0.0,0.0,0.0,0.0,0,1,0,0,0,0,0,0.0,60.88472222222223,4.052222222222222,2.141388888888889,0.9875,8.090277777777777,0.0,0.0,2.0697222222222225,0.7361111111111112,16.004674758792405,0,0,10.0,1640.0,6.0,0.0,0.0,0.0030345471521942106,0.0027423747276688454,16.0
2023-02-01,SG,CHINESE_CANTONESE,Content Reviewer,2023,2,1,0,0.0,0.0,0.0,0.0,0,0,1,0,0,0,0,0.0,65.56333333333333,4.398333333333333,0.5641666666666667,8.370277777777778,9.006944444444443,0.0,0.0,0.605,0.0,16.004674758792405,0,0,10.0,1640.0,6.0,0.0,0.0,0.0030345471521942106,0.0027423747276688454,16.0
2023-02-02,SG,CHINESE_CANTONESE,Content Reviewer,2023,2,2,0,0.0,0.0,0.0,0.0,0,0,0,1,0,0,0,0.0,67.22277777777781,4.594722222222222,1.9169444444444443,0.9836111111111112,9.001111111111111,0.0,0.0,3.628055555555556,2.273333333333333,16.004674758792405,0,0,10.0,1640.0,6.0,0.0,0.0,0.0030345471521942106,0.0027423747276688454,16.0
2023-02-03,SG,CHINESE_CANTONESE,Content Reviewer,2023,2,3,0,0.0,0.0,0.0,0.0,0,0,0,0,1,0,0,0.0,79.45111111111112,5.219722222222223,2.7425,1.52,11.05888888888889,0.0,0.0,3.500555555555556,1.5325000000000002,16.004674758792405,0,0,10.0,1640.0,6.0,0.0,0.0,0.0030345471521942106,0.0027423747276688454,16.0
2023-02-04,SG,CHINESE_CANTONESE,Content Reviewer,2023,2,4,0,0.0,0.0,0.0,0.0,0,0,0,0,0,1,0,0.0,56.06499999999999,3.5388888888888896,0.0661111111111111,0.535,6.968055555555555,0.0,0.0,0.0,0.7433333333333333,16.004674758792405,0,0,10.0,1640.0,6.0,0.0,0.0,0.0030345471521942106,0.0027423747276688454,16.0
2023-02-05,SG,CHINESE_CANTONESE,Content Reviewer,2023,2,5,0,0.0,0.0,0.0,0.0,0,0,0,0,0,0,1,0.0,32.756666666666675,1.737777777777778,0.0016666666666666,0.0,2.9938888888888893,0.0,0.0,0.0,0.0005555555555555,16.004674758792405,0,0,10.0,1640.0,6.0,0.0,0.0,0.0030345471521942106,0.0027423747276688454,16.0
2023-02-06,SG,CHINESE_CANTONESE,Content Reviewer,2023,2,6,0,0.0,0.0,0.0,0.0,1,0,0,0,0,0,0,0.0,47.45416666666668,3.3783333333333334,3.2236111111111114,8.7975,6.912222222222221,0.0,0.0,2.0169444444444444,1.4805555555555556,16.004674758792405,0,0,10.0,1640.0,6.0,0.0,0.0,0.0030345471521942106,0.0027423747276688454,16.0
2023-02-07,SG,CHINESE_CANTONESE,Content Reviewer,2023,2,7,0,0.0,0.0,0.0,0.0,0,1,0,0,0,0,0,0.0,72.90416666666663,5.046111111111111,4.361666666666667,0.0008333333333333,9.958333333333336,0.0,0.0,3.025833333333334,2.5038888888888886,16.004674758792405,0,0,10.0,1640.0,6.0,0.0,0.0,0.0030345471521942106,0.0027423747276688454,16.0
2023-02-08,SG,CHINESE_CANTONESE,Content Reviewer,2023,2,8,0,0.0,0.0,0.0,0.0,0,0,1,0,0,0,0,0.0,52.97333333333333,3.311944444444444,0.1166666666666666,5.367222222222223,7.016388888888889,0.0,0.0,0.4391666666666666,0.7416666666666667,16.004674758792405,0,0,10.0,1640.0,6.0,0.0,0.0,0.0030345471521942106,0.0027423747276688454,16.0
2023-02-09,SG,CHINESE_CANTONESE,Content Reviewer,2023,2,9,0,0.0,0.0,0.0,0.0,0,0,0,1,0,0,0,0.0,59.87055555555554,3.6438888888888887,2.3125,0.0,8.000277777777777,0.0,0.0,2.668611111111112,2.273888888888889,16.004674758792405,0,0,10.0,1640.0,6.0,0.0,0.0,0.0030345471521942106,0.0027423747276688454,16.0
2023-02-10,SG,CHINESE_CANTONESE,Content Reviewer,2023,2,10,0,0.0,0.0,0.0,0.0,0,0,0,0,1,0,0,0.0,63.79611111111113,4.320833333333333,4.294722222222223,0.0,9.046111111111111,0.0,0.0,2.7094444444444443,1.5141666666666669,16.004674758792405,0,0,10.0,1640.0,6.0,0.0,0.0,0.0030345471521942106,0.0027423747276688454,16.0
2023-02-11,SG,CHINESE_CANTONESE,Content Reviewer,2023,2,11,0,0.0,0.0,0.0,0.0,0,0,0,0,0,1,0,0.0,49.47583333333334,2.9844444444444447,0.5094444444444445,0.0,6.0175,0.0,0.0,0.0,0.0,16.004674758792405,0,0,10.0,1640.0,6.0,0.0,0.0,0.0030345471521942106,0.0027423747276688454,16.0
2023-02-12,SG,CHINESE_CANTONESE,Content Reviewer,2023,2,12,0,0.0,0.0,0.0,0.0,0,0,0,0,0,0,1,0.0,48.70916666666668,2.975555555555556,0.0547222222222222,0.0,6.056666666666667,0.0,0.0,0.0,1.086111111111111,16.004674758792405,0,0,10.0,1640.0,6.0,0.0,0.0,0.0030345471521942106,0.0027423747276688454,16.0
2023-02-13,SG,CHINESE_CANTONESE,Content Reviewer,2023,2,13,0,0.0,0.0,0.0,0.0,1,0,0,0,0,0,0,0.0,50.30083333333334,3.1652777777777774,1.485,0.0,6.0088888888888885,0.0,0.0,1.589722222222222,0.7933333333333333,16.004674758792405,0,0,10.0,1640.0,6.0,0.0,0.0,0.0030345471521942106,0.0027423747276688454,16.0
2023-02-14,SG,CHINESE_CANTONESE,Content Reviewer,2023,2,14,0,0.0,0.0,0.0,0.0,0,1,0,0,0,0,0,0.0,52.03805555555555,3.478055555555556,2.82361111111111,0.0,7.0725,0.0,0.0,1.7330555555555556,0.7466666666666667,16.004674758792405,0,0,10.0,1640.0,6.0,0.0,0.0,0.0030345471521942106,0.0027423747276688454,16.0
2023-02-15,SG,CHINESE_CANTONESE,Content Reviewer,2023,2,15,0,0.0,0.0,0.0,0.0,0,0,1,0,0,0,0,0.0,59.86333333333334,3.468611111111111,0.3652777777777778,6.774166666666668,7.9125,0.0,0.0,0.1625,0.0,16.004674758792405,0,0,10.0,1640.0,6.0,0.0,0.0,0.0030345471521942106,0.0027423747276688454,16.0
2023-02-16,SG,CHINESE_CANTONESE,Content Reviewer,2023,2,16,0,0.0,0.0,0.0,0.0,0,0,0,1,0,0,0,0.0,59.997777777777785,4.27361111111111,2.035,0.0055555555555555,8.001388888888888,0.0,0.0,2.283611111111111,2.3175000000000003,16.004674758792405,0,0,10.0,1640.0,6.0,0.0,0.0,0.0030345471521942106,0.0027423747276688454,16.0
2023-02-17,SG,CHINESE_CANTONESE,Content Reviewer,2023,2,17,0,0.0,0.0,0.0,0.0,0,0,0,0,1,0,0,0.0,62.06277777777777,4.8625,1.8127777777777776,0.0,8.998333333333333,0.0,0.0,2.920833333333333,4.299444444444445,16.004674758792405,0,0,10.0,1640.0,6.0,0.0,0.0,0.0030345471521942106,0.0027423747276688454,16.0
2023-02-18,SG,CHINESE_CANTONESE,Content Reviewer,2023,2,18,0,0.0,0.0,0.0,0.0,0,0,0,0,0,1,0,0.0,24.602222222222224,1.0175,0.0,0.0,2.9902777777777776,0.0,0.0,0.2394444444444444,0.0,15.993563647681295,0,1,10.0,1640.0,5.0,0.0,0.0625,0.0030345471521942106,0.00343681917211329,16.0
2023-02-19,SG,CHINESE_CANTONESE,Content Reviewer,2023,2,19,0,0.0,0.0,0.0,0.0,0,0,0,0,0,0,1,0.0,32.719722222222224,1.976388888888889,0.2252777777777777,0.0,3.9591666666666665,0.0,0.0,0.0,0.0,14.993965919701214,0,0,10.0,1640.0,5.0,0.0,0.0,0.0030345471521942106,0.00343681917211329,15.0
2023-02-20,SG,CHINESE_CANTONESE,Content Reviewer,2023,2,20,0,0.0,0.0,0.0,0.0,1,0,0,0,0,0,0,0.0,59.70222222222223,4.123611111111112,2.813333333333333,1.5166666666666666,7.996388888888889,0.0,0.0,2.310555555555556,1.5141666666666669,14.993965919701214,0,0,10.0,1640.0,5.0,0.0,0.0,0.0030345471521942106,0.00343681917211329,15.0
2023-02-21,SG,CHINESE_CANTONESE,Content Reviewer,2023,2,21,0,0.0,0.0,0.0,0.0,0,1,0,0,0,0,0,0.0,66.13972222222223,4.216388888888889,2.293333333333333,2.2541666666666664,9.056944444444444,0.0,0.0,2.8577777777777773,0.7472222222222221,14.993965919701214,0,0,10.0,1640.0,5.0,0.0,0.0,0.0030345471521942106,0.00343681917211329,15.0
2023-02-22,SG,CHINESE_CANTONESE,Content Reviewer,2023,2,22,0,0.0,0.0,0.0,0.0,0,0,1,0,0,0,0,0.0,59.795833333333306,3.488333333333333,0.3113888888888889,7.491111111111111,6.9816666666666665,0.0,0.0,0.0,3.0136111111111115,14.993965919701214,0,0,10.0,1640.0,5.0,0.0,0.0,0.0030345471521942106,0.00343681917211329,15.0
2023-02-23,SG,CHINESE_CANTONESE,Content Reviewer,2023,2,23,0,0.0,0.0,0.0,0.0,0,0,0,1,0,0,0,0.0,64.6113888888889,3.526388888888889,2.328888888888889,1.5119444444444443,7.9775,0.0,0.0,9.910555555555556,0.0,14.993965919701214,0,0,10.0,1640.0,5.0,0.0,0.0,0.0030345471521942106,0.00343681917211329,15.0
2023-02-24,SG,CHINESE_CANTONESE,Content Reviewer,2023,2,24,0,0.0,0.0,0.0,0.0,0,0,0,0,1,0,0,0.0,73.84333333333333,4.842777777777778,2.644722222222222,0.7622222222222222,9.945555555555556,0.0,0.0,2.923055555555555,3.036111111111111,14.993965919701214,0,0,10.0,1640.0,5.0,0.0,0.0,0.0030345471521942106,0.00343681917211329,15.0
2023-02-25,SG,CHINESE_CANTONESE,Content Reviewer,2023,2,25,0,0.0,0.0,0.0,0.0,0,0,0,0,0,1,0,0.0,49.51472222222223,2.876111111111112,0.3072222222222222,0.0,6.009166666666667,0.0,0.0,0.0,0.0,14.993965919701214,0,0,10.0,1640.0,5.0,0.0,0.0,0.0030345471521942106,0.00343681917211329,15.0
2023-02-26,SG,CHINESE_CANTONESE,Content Reviewer,2023,2,26,0,0.0,0.0,0.0,0.0,0,0,0,0,0,0,1,0.0,42.081388888888895,2.3994444444444447,0.0508333333333333,0.0,4.245833333333334,0.0,0.0,0.2877777777777778,0.0,14.993965919701214,0,0,10.0,1640.0,5.0,0.0,0.0,0.0030345471521942106,0.00343681917211329,15.0
2023-02-27,SG,CHINESE_CANTONESE,Content Reviewer,2023,2,27,0,0.0,0.0,0.0,0.0,1,0,0,0,0,0,0,0.0,44.89333333333333,2.7375,1.9725,0.0,5.941111111111112,0.0,0.0,1.9761111111111112,1.5191666666666666,14.993965919701214,0,0,10.0,1640.0,5.0,0.0,0.0,0.0030345471521942106,0.00343681917211329,15.0
2023-02-28,SG,CHINESE_CANTONESE,Content Reviewer,2023,2,28,0,0.0,0.0,0.0,0.0,0,1,0,0,0,0,0,0.0,70.42000000000002,4.453055555555554,1.971111111111111,0.0,8.94361111111111,0.0,0.0,3.263888888888889,0.0,14.993965919701214,0,0,10.0,1640.0,5.0,0.0,0.0,0.0030345471521942106,0.00343681917211329,15.0
2023-03-01,SG,CHINESE_CANTONESE,Content Reviewer,2023,3,1,0,0.0,0.0,0.0,0.0,0,0,1,0,0,0,0,0.0,74.28500000000001,5.036944444444445,0.3475,7.495555555555555,9.973055555555558,0.0,0.0,0.0,1.4975,14.993965919701214,0,0,10.0,2050.0,5.0,0.0,0.0,0.0030345471521942106,0.00343681917211329,15.0
2023-03-02,SG,CHINESE_CANTONESE,Content Reviewer,2023,3,2,0,0.0,0.0,0.0,0.0,0,0,0,1,0,0,0,0.0,74.6836111111111,5.109722222222223,1.3827777777777777,0.0,9.76888888888889,0.0,0.0,5.357777777777777,3.751944444444444,14.993965919701214,0,0,10.0,2050.0,5.0,0.0,0.0,0.0030345471521942106,0.00343681917211329,15.0
2023-03-03,SG,CHINESE_CANTONESE,Content Reviewer,2023,3,3,0,0.0,0.0,0.0,0.0,0,0,0,0,1,0,0,0.0,71.99805555555557,4.961111111111111,2.287777777777778,0.0,9.9725,0.0,0.0,3.2536111111111112,1.4980555555555557,14.993965919701214,0,0,10.0,2050.0,5.0,0.0,0.0,0.0030345471521942106,0.00343681917211329,15.0
2023-03-04,SG,CHINESE_CANTONESE,Content Reviewer,2023,3,4,0,0.0,0.0,0.0,0.0,0,0,0,0,0,1,0,0.0,37.20722222222223,2.2622222222222224,0.0683333333333333,0.0,4.991111111111112,0.0,0.0,0.0,0.0,14.993965919701214,0,0,10.0,2050.0,5.0,0.0,0.0,0.0030345471521942106,0.00343681917211329,15.0
2023-03-05,SG,CHINESE_CANTONESE,Content Reviewer,2023,3,5,0,0.0,0.0,0.0,0.0,0,0,0,0,0,0,1,0.0,48.15555555555555,2.711666666666667,0.5038888888888889,0.7463888888888889,5.983333333333333,0.0,0.0,0.0,0.7494444444444444,14.993965919701214,0,0,10.0,2050.0,5.0,0.0,0.0,0.0030345471521942106,0.00343681917211329,15.0
2023-03-06,SG,CHINESE_CANTONESE,Content Reviewer,2023,3,6,0,0.0,0.0,0.0,0.0,1,0,0,0,0,0,0,0.0,60.10888888888891,4.062777777777778,2.234444444444444,0.2572222222222222,7.969166666666666,0.0,0.0,3.384444444444444,0.7558333333333334,14.993965919701214,0,0,10.0,2050.0,5.0,0.0,0.0,0.0030345471521942106,0.00343681917211329,15.0
2023-03-07,SG,CHINESE_CANTONESE,Content Reviewer,2023,3,7,0,0.0,0.0,0.0,0.0,0,1,0,0,0,0,0,0.0,81.10333333333334,5.427777777777778,2.851111111111112,0.0,10.978055555555557,0.0,0.0,3.3708333333333336,5.265555555555556,14.993965919701214,0,0,10.0,2050.0,5.0,0.0,0.0,0.0030345471521942106,0.00343681917211329,15.0
2023-03-08,SG,CHINESE_CANTONESE,Content Reviewer,2023,3,8,0,0.0,0.0,0.0,0.0,0,0,1,0,0,0,0,0.0,53.24083333333331,3.460555555555555,0.0488888888888888,5.373055555555555,6.961111111111111,0.0,0.0,0.2233333333333333,0.7491666666666666,14.993965919701214,0,0,10.0,2050.0,5.0,0.0,0.0,0.0030345471521942106,0.00343681917211329,15.0
2023-03-09,SG,CHINESE_CANTONESE,Content Reviewer,2023,3,9,0,0.0,0.0,0.0,0.0,0,0,0,1,0,0,0,0.0,84.63944444444444,5.401944444444446,3.033333333333333,0.0,11.063333333333336,0.0,0.0,3.085277777777778,0.7466666666666667,14.993965919701214,0,0,10.0,2050.0,5.0,0.0,0.0,0.0030345471521942106,0.00343681917211329,15.0
2023-03-10,SG,CHINESE_CANTONESE,Content Reviewer,2023,3,10,0,0.0,0.0,0.0,0.0,0,0,0,0,1,0,0,0.0,57.25666666666667,4.0216666666666665,1.925833333333333,0.0,8.012777777777778,0.0,0.0,2.2558333333333334,1.4980555555555557,14.993965919701214,0,0,10.0,2050.0,5.0,0.0,0.0,0.0030345471521942106,0.00343681917211329,15.0
2023-03-11,SG,CHINESE_CANTONESE,Content Reviewer,2023,3,11,0,0.0,0.0,0.0,0.0,0,0,0,0,0,1,0,0.0,32.95944444444444,1.9647222222222225,0.0397222222222222,0.0,4.010833333333333,0.0,0.0,0.0,0.0,14.993965919701214,0,0,10.0,2050.0,5.0,0.0,0.0,0.0030345471521942106,0.00343681917211329,15.0
2023-03-12,SG,CHINESE_CANTONESE,Content Reviewer,2023,3,12,0,0.0,0.0,0.0,0.0,0,0,0,0,0,0,1,0.0,41.17083333333333,2.525833333333333,0.0491666666666666,0.0,4.982777777777778,0.0,0.0,0.0,0.0,14.993965919701214,0,0,10.0,2050.0,5.0,0.0,0.0,0.0030345471521942106,0.00343681917211329,15.0
2023-03-13,SG,CHINESE_CANTONESE,Content Reviewer,2023,3,13,0,0.0,0.0,0.0,0.0,1,0,0,0,0,0,0,0.0,69.14805555555556,4.458055555555555,1.911388888888889,0.0,9.005277777777778,0.0,0.0,3.261111111111111,0.7502777777777778,14.993965919701214,0,0,10.0,2050.0,5.0,0.0,0.0,0.0030345471521942106,0.00343681917211329,15.0
2023-03-14,SG,CHINESE_CANTONESE,Content Reviewer,2023,3,14,0,0.0,0.0,0.0,0.0,0,1,0,0,0,0,0,0.0,85.02250000000002,5.341388888888888,3.103333333333333,0.0,10.973888888888888,0.0,0.0,2.919722222222222,1.547222222222222,14.993965919701214,0,0,10.0,2050.0,5.0,0.0,0.0,0.0030345471521942106,0.00343681917211329,15.0
2023-03-15,SG,CHINESE_CANTONESE,Content Reviewer,2023,3,15,0,0.0,0.0,0.0,0.0,0,0,1,0,0,0,0,0.0,63.17027777777778,4.418888888888889,0.9013888888888888,6.795833333333333,9.07527777777778,0.0,0.0,0.5702777777777778,4.17,14.993965919701214,0,0,10.0,2050.0,5.0,0.0,0.0,0.0030345471521942106,0.00343681917211329,15.0
2023-03-16,SG,CHINESE_CANTONESE,Content Reviewer,2023,3,16,0,0.0,0.0,0.0,0.0,0,0,0,1,0,0,0,0.0,76.10416666666667,4.987500000000001,2.8999999999999995,0.0,9.97361111111111,0.0,0.0,2.5494444444444446,0.9972222222222222,14.993965919701214,0,0,10.0,2050.0,5.0,0.0,0.0,0.0030345471521942106,0.00343681917211329,15.0
2023-03-17,SG,CHINESE_CANTONESE,Content Reviewer,2023,3,17,0,0.0,0.0,0.0,0.0,0,0,0,0,1,0,0,0.0,65.95666666666666,4.5475,2.4508333333333328,0.0,8.91,0.0,0.0,2.5625,1.4669444444444444,14.993965919701214,0,0,10.0,2050.0,5.0,0.0,0.0,0.0030345471521942106,0.00343681917211329,15.0
2023-03-18,SG,CHINESE_CANTONESE,Content Reviewer,2023,3,18,0,0.0,0.0,0.0,0.0,0,0,0,0,0,1,0,0.0,48.78472222222222,2.975277777777777,0.1275,0.0,5.9897222222222215,0.0,0.0,0.2213888888888888,0.0,14.993965919701214,0,0,10.0,2050.0,5.0,0.0,0.0,0.0030345471521942106,0.00343681917211329,15.0
2023-03-19,SG,CHINESE_CANTONESE,Content Reviewer,2023,3,19,0,0.0,0.0,0.0,0.0,0,0,0,0,0,0,1,0.0,41.75194444444445,2.316666666666667,0.0116666666666666,0.0,4.976388888888889,0.0,0.0,0.0,0.75,14.993965919701214,0,0,10.0,2050.0,5.0,0.0,0.0,0.0030345471521942106,0.00343681917211329,15.0
2023-03-20,SG,CHINESE_CANTONESE,Content Reviewer,2023,3,20,0,0.0,0.0,0.0,0.0,1,0,0,0,0,0,0,0.0,58.56388888888888,4.062777777777778,1.636111111111111,1.5258333333333334,7.917499999999999,0.0,0.0,3.129722222222222,2.211666666666667,14.993965919701214,0,0,10.0,2050.0,5.0,0.0,0.0,0.0030345471521942106,0.00343681917211329,15.0
2023-03-21,SG,CHINESE_CANTONESE,Content Reviewer,2023,3,21,0,0.0,0.0,0.0,0.0,0,1,0,0,0,0,0,0.0,77.48249999999999,5.075833333333334,2.8633333333333333,0.0,10.032222222222222,0.0,0.0,4.076944444444444,3.728055555555556,15.004382586367882,0,0,10.0,2050.0,5.0,0.0,0.0,0.0030345471521942106,0.0027423747276688454,15.0
2023-03-22,SG,CHINESE_CANTONESE,Content Reviewer,2023,3,22,0,0.0,0.0,0.0,0.0,0,0,1,0,0,0,0,0.0,71.53222222222222,4.967777777777777,0.295,9.065277777777778,9.985277777777776,0.0,0.0,0.0,3.005,15.004382586367882,0,0,10.0,2050.0,5.0,0.0,0.0,0.0030345471521942106,0.0027423747276688454,15.0
2023-03-23,SG,CHINESE_CANTONESE,Content Reviewer,2023,3,23,0,0.0,0.0,0.0,0.0,0,0,0,1,0,0,0,0.0,60.32916666666667,3.864444444444444,1.9330555555555555,2.9819444444444443,9.086944444444445,0.0,0.0,9.445833333333336,0.0,15.004382586367882,0,0,10.0,2050.0,5.0,0.0,0.0,0.0030345471521942106,0.0027423747276688454,15.0
2023-03-24,SG,CHINESE_CANTONESE,Content Reviewer,2023,3,24,0,0.0,0.0,0.0,0.0,0,0,0,0,1,0,0,0.0,58.36111111111111,3.986111111111112,3.0822222222222218,0.0,6.951111111111112,0.0,0.0,2.480277777777778,0.0,15.004382586367882,0,0,10.0,2050.0,5.0,0.0,0.0,0.0030345471521942106,0.0027423747276688454,15.0
2023-03-25,SG,CHINESE_CANTONESE,Content Reviewer,2023,3,25,0,0.0,0.0,0.0,0.0,0,0,0,0,0,1,0,0.0,19.48777777777778,1.287777777777778,0.0752777777777777,0.0011111111111111,1.99,0.0,0.0,0.2419444444444444,0.0,15.004382586367882,0,0,10.0,2050.0,5.0,0.0,0.0,0.0030345471521942106,0.0027423747276688454,15.0
2023-03-26,SG,CHINESE_CANTONESE,Content Reviewer,2023,3,26,0,0.0,0.0,0.0,0.0,0,0,0,0,0,0,1,0.0,34.20944444444444,1.7619444444444443,0.0969444444444444,0.0,4.000277777777778,0.0,0.0,0.0,0.0,15.004382586367882,0,0,10.0,2050.0,5.0,0.0,0.0,0.0030345471521942106,0.0027423747276688454,15.0
2023-03-27,SG,CHINESE_CANTONESE,Content Reviewer,2023,3,27,0,0.0,0.0,0.0,0.0,1,0,0,0,0,0,0,0.0,62.88194444444444,3.9186111111111113,1.7344444444444442,0.0,7.930833333333333,0.0,0.0,2.5277777777777777,0.7519444444444444,15.004382586367882,0,0,10.0,2050.0,5.0,0.0,0.0,0.0030345471521942106,0.0027423747276688454,15.0
2023-03-28,SG,CHINESE_CANTONESE,Content Reviewer,2023,3,28,0,0.0,0.0,0.0,0.0,0,1,0,0,0,0,0,0.0,76.13222222222218,5.076666666666666,3.1269444444444443,0.4986111111111111,10.029444444444444,0.0,0.0,2.5536111111111115,1.5138888888888888,15.004382586367882,0,0,10.0,2050.0,5.0,0.0,0.0,0.0030345471521942106,0.0027423747276688454,15.0
2023-03-29,SG,CHINESE_CANTONESE,Content Reviewer,2023,3,29,0,0.0,0.0,0.0,0.0,0,0,1,0,0,0,0,0.0,75.93194444444445,4.831666666666667,3.129722222222223,0.4599999999999999,9.988055555555558,0.0,0.0,2.0769444444444445,2.232222222222222,15.015493697478993,0,0,10.0,2050.0,5.0,0.0,0.0,0.0030345471521942106,0.002001633986928105,15.0
2023-03-30,SG,CHINESE_CANTONESE,Content Reviewer,2023,3,30,0,0.0,0.0,0.0,0.0,0,0,0,1,0,0,0,0.0,55.91250000000001,3.6805555555555554,0.9636111111111112,7.638333333333333,8.040833333333333,0.0,0.0,0.5477777777777778,2.239444444444445,15.015493697478993,0,0,10.0,2050.0,5.0,0.0,0.0,0.0030345471521942106,0.002001633986928105,15.0
2023-03-31,SG,CHINESE_CANTONESE,Content Reviewer,2023,3,31,0,0.0,0.0,0.0,0.0,0,0,0,0,1,0,0,0.0,58.431111111111086,4.278888888888889,1.9325,8.321111111111112,8.930833333333332,0.0,0.0,3.075,0.7525,15.015493697478993,0,0,10.0,2050.0,5.0,0.0,0.0,0.0030345471521942106,0.002001633986928105,15.0
2023-04-01,SG,CHINESE_CANTONESE,Content Reviewer,2023,4,1,0,0.0,0.0,0.0,0.0,0,0,0,0,0,1,0,0.0,49.15027777777778,2.9533333333333336,0.0075,0.0,5.936666666666667,0.0,0.0,0.0,0.0,15.015493697478993,0,0,10.0,1640.0,5.0,0.0,0.0,0.0030345471521942106,0.002001633986928105,15.0
2023-04-02,SG,CHINESE_CANTONESE,Content Reviewer,2023,4,2,0,0.0,0.0,0.0,0.0,0,0,0,0,0,0,1,0.0,50.09833333333334,2.7236111111111114,0.0225,0.0,5.962222222222222,0.0,0.0,0.0,0.0,14.979779411764707,0,0,10.0,1640.0,5.0,0.0,0.0,0.00065359477124183,0.002001633986928105,15.0
2023-04-03,SG,CHINESE_CANTONESE,Content Reviewer,2023,4,3,0,0.0,0.0,0.0,0.0,1,0,0,0,0,0,0,0.0,54.37722222222222,3.7525,2.708333333333333,0.9688888888888888,7.006388888888889,0.4711111111111111,0.0,3.4475,1.4905555555555556,14.979779411764707,0,0,10.0,1640.0,5.0,0.0,0.0,0.00065359477124183,0.002001633986928105,15.0
2023-04-04,SG,CHINESE_CANTONESE,Content Reviewer,2023,4,4,0,0.0,0.0,0.0,0.0,0,1,0,0,0,0,0,0.0,58.87555555555555,3.626388888888889,1.9383333333333328,0.5116666666666667,7.958611111111111,0.4972222222222222,0.0,2.562777777777778,3.0458333333333334,14.979779411764707,0,0,10.0,1640.0,5.0,0.0,0.0,0.00065359477124183,0.002001633986928105,15.0
2023-04-05,SG,CHINESE_CANTONESE,Content Reviewer,2023,4,5,0,0.0,1.0,0.0,0.0,0,0,1,0,0,0,0,0.0,59.31305555555557,3.9966666666666666,0.1536111111111111,8.564444444444442,8.005277777777778,0.0022222222222222,0.0,0.4438888888888889,2.248333333333333,14.979779411764707,0,0,10.0,1640.0,5.0,0.0,0.0,0.0,0.0013480392156862745,15.0
2023-04-06,SG,CHINESE_CANTONESE,Content Reviewer,2023,4,6,0,1.0,0.0,0.0,0.0,0,0,0,1,0,0,0,0.0,72.80972222222223,4.751944444444444,2.858888888888889,0.2247222222222222,9.017499999999998,0.0,0.0,3.3022222222222224,0.0,14.989583333333334,0,0,10.0,1640.0,5.0,0.0,0.0,0.0,0.0006944444444444445,15.0
2023-04-07,SG,CHINESE_CANTONESE,Content Reviewer,2023,4,7,1,0.0,0.0,0.0,0.0,0,0,0,0,1,0,0,0.0,52.93444444444444,3.398055555555556,1.6355555555555554,0.0,6.999722222222223,0.0,0.0,2.4833333333333334,0.7419444444444444,14.989583333333334,0,0,10.0,1640.0,5.0,0.0,0.0,0.0,0.0006944444444444445,15.0
2023-04-08,SG,CHINESE_CANTONESE,Content Reviewer,2023,4,8,0,0.0,0.0,1.0,0.0,0,0,0,0,0,1,0,0.0,48.68333333333334,3.517777777777778,0.0191666666666666,0.0,5.011666666666667,0.0,0.0,0.0047222222222222,0.0019444444444444,14.989583333333334,0,0,10.0,1640.0,5.0,0.0,0.0,0.0,0.0006944444444444445,15.0
2023-04-09,SG,CHINESE_CANTONESE,Content Reviewer,2023,4,9,0,0.0,0.0,0.0,1.0,0,0,0,0,0,0,1,0.0,49.59944444444445,2.9536111111111114,0.0427777777777777,0.0008333333333333,6.007777777777777,0.0,0.0,0.0,0.0,14.989583333333334,0,0,10.0,1640.0,5.0,0.0,0.0,0.0,0.0006944444444444445,15.0
2023-04-10,SG,CHINESE_CANTONESE,Content Reviewer,2023,4,10,0,0.0,0.0,0.0,0.0,1,0,0,0,0,0,0,0.0,52.7702777777778,3.428333333333333,1.4302777777777775,0.2491666666666666,7.006388888888889,0.0,0.0,2.2202777777777776,3.0247222222222225,14.989583333333334,0,0,10.0,1640.0,5.0,0.0,0.0,0.0,0.0006944444444444445,15.0
2023-04-11,SG,CHINESE_CANTONESE,Content Reviewer,2023,4,11,0,0.0,0.0,0.0,0.0,0,1,0,0,0,0,0,0.0,70.07250000000003,4.56,2.625555555555556,0.0566666666666666,9.05111111111111,0.5019444444444444,0.0,1.955833333333333,0.0,14.989583333333334,0,0,10.0,1640.0,5.0,0.0,0.0,0.0,0.0006944444444444445,15.0
2023-04-12,SG,CHINESE_CANTONESE,Content Reviewer,2023,4,12,0,0.0,0.0,0.0,0.0,0,0,1,0,0,0,0,0.0,61.22000000000002,3.543333333333333,0.1833333333333333,5.285833333333333,7.055833333333333,0.5033333333333334,0.0,0.8197222222222222,1.4875,14.989583333333334,0,0,10.0,1640.0,5.0,0.0,0.0,0.0,0.0006944444444444445,15.0
2023-04-13,SG,CHINESE_CANTONESE,Content Reviewer,2023,4,13,0,0.0,0.0,0.0,0.0,0,0,0,1,0,0,0,0.0,73.3586111111111,4.46111111111111,2.318611111111112,0.0,9.043611111111112,0.5075,0.0,2.8925,2.257222222222222,14.989583333333334,0,0,10.0,1640.0,5.0,0.0,0.0,0.0,0.0006944444444444445,15.0
2023-04-14,SG,CHINESE_CANTONESE,Content Reviewer,2023,4,14,0,0.0,0.0,0.0,0.0,0,0,0,0,1,0,0,0.0,41.49722222222221,2.988888888888889,1.0622222222222222,0.0025,5.9944444444444445,0.4969444444444444,0.0,2.423888888888889,1.498888888888889,14.989583333333334,0,0,10.0,1640.0,5.0,0.0,0.0,0.0,0.0006944444444444445,15.0
2023-04-15,SG,CHINESE_CANTONESE,Content Reviewer,2023,4,15,0,0.0,0.0,0.0,0.0,0,0,0,0,0,1,0,0.0,11.039722222222222,0.4588888888888889,0.0,0.0,1.0205555555555557,0.0,0.0,0.0,0.0,14.989583333333334,0,0,10.0,1640.0,5.0,0.0,0.0,0.0,0.0006944444444444445,15.0
2023-04-16,SG,CHINESE_CANTONESE,Content Reviewer,2023,4,16,0,0.0,0.0,0.0,0.0,0,0,0,0,0,0,1,0.0,17.02916666666667,0.9463888888888888,0.0025,0.0,1.9919444444444443,0.0,0.0,0.0,0.0,14.989583333333334,0,0,10.0,1640.0,5.0,0.0,0.0,0.0,0.0006944444444444445,15.0
2023-04-17,SG,CHINESE_CANTONESE,Content Reviewer,2023,4,17,0,0.0,0.0,0.0,0.0,1,0,0,0,0,0,0,0.0,12.881944444444445,1.0016666666666667,0.5697222222222222,1.0002777777777778,1.9844444444444445,0.5116666666666667,0.0,0.5083333333333333,1.5322222222222222,14.989583333333334,0,0,10.0,1640.0,5.0,0.0,0.0,0.0,0.0006944444444444445,15.0
2023-04-18,SG,CHINESE_CANTONESE,Content Reviewer,2023,4,18,0,0.0,0.0,0.0,0.0,0,1,0,0,0,0,0,0.0,40.388333333333335,2.438888888888889,0.0108333333333333,0.0,4.945555555555555,0.0,0.0,1.2616666666666667,0.0,14.989583333333334,0,0,10.0,1640.0,5.0,0.0,0.0,0.0,0.0006944444444444445,15.0
2023-04-19,SG,CHINESE_CANTONESE,Content Reviewer,2023,4,19,0,0.0,0.0,0.0,0.0,0,0,1,0,0,0,0,0.0,65.63749999999997,4.245555555555556,0.2427777777777778,3.0058333333333334,8.001111111111111,0.0,0.0,0.8080555555555555,0.7377777777777778,14.989583333333334,0,0,10.0,1640.0,5.0,0.0,0.0,0.0,0.0006944444444444445,15.0
2023-04-20,SG,CHINESE_CANTONESE,Content Reviewer,2023,4,20,0,0.0,1.0,0.0,0.0,0,0,0,1,0,0,0,0.0,60.56277777777776,3.835,2.3169444444444443,0.9952777777777778,7.970833333333334,0.3636111111111111,0.0,8.003333333333334,0.0,14.989583333333334,0,0,10.0,1640.0,5.0,0.0,0.0,0.0,0.0006944444444444445,15.0
2023-04-21,SG,CHINESE_CANTONESE,Content Reviewer,2023,4,21,0,1.0,0.0,0.0,0.0,0,0,0,0,1,0,0,0.0,86.48472222222225,5.061111111111111,2.018333333333333,1.0061111111111112,8.97638888888889,0.0,0.0,1.566388888888889,2.2691666666666666,14.989583333333334,0,0,10.0,1640.0,5.0,0.0,0.0,0.0,0.0006944444444444445,15.0
2023-04-22,SG,CHINESE_CANTONESE,Content Reviewer,2023,4,22,1,0.0,0.0,0.0,0.0,0,0,0,0,0,1,0,0.0,44.07333333333333,2.4875000000000003,0.0105555555555555,0.0,5.011111111111111,0.0,0.0,0.0,0.0,14.989583333333334,0,0,10.0,1640.0,5.0,0.0,0.0,0.0,0.0006944444444444445,15.0
2023-04-23,SG,CHINESE_CANTONESE,Content Reviewer,2023,4,23,0,0.0,0.0,1.0,0.0,0,0,0,0,0,0,1,0.0,38.19,2.165277777777778,0.0247222222222222,0.0,4.010277777777778,0.0,0.0,0.0,0.0,14.989583333333334,0,0,10.0,1640.0,5.0,0.0,0.0,0.0,0.0006944444444444445,15.0
2023-04-24,SG,CHINESE_CANTONESE,Content Reviewer,2023,4,24,0,0.0,0.0,0.0,1.0,1,0,0,0,0,0,0,0.0,69.18944444444445,4.445277777777778,2.9683333333333333,0.0005555555555555,8.998333333333333,0.4994444444444444,0.0,2.1958333333333333,1.043611111111111,14.989583333333334,0,0,10.0,1640.0,5.0,0.0,0.0,0.0,0.0006944444444444445,15.0
2023-04-25,SG,CHINESE_CANTONESE,Content Reviewer,2023,4,25,0,0.0,0.0,0.0,0.0,0,1,0,0,0,0,0,0.0,79.61777777777779,4.958333333333333,2.188333333333333,0.0,10.108888888888888,0.9930555555555556,0.0,3.083333333333333,1.4852777777777777,14.989583333333334,0,0,10.0,1640.0,5.0,0.0,0.0,0.0,0.0006944444444444445,15.0
2023-04-26,SG,CHINESE_CANTONESE,Content Reviewer,2023,4,26,0,0.0,0.0,0.0,0.0,0,0,1,0,0,0,0,0.0,70.90472222222223,4.779722222222222,0.8202777777777778,15.249444444444444,10.027222222222225,0.5075,0.0,0.5661111111111111,0.0,14.989583333333334,0,0,10.0,1640.0,5.0,0.0,0.0,0.0,0.0006944444444444445,15.0
2023-04-27,SG,CHINESE_CANTONESE,Content Reviewer,2023,4,27,0,0.0,0.0,0.0,0.0,0,0,0,1,0,0,0,0.0,64.93750000000003,3.9797222222222217,2.3977777777777782,0.0,8.067777777777778,0.0,0.0,1.6733333333333331,3.0127777777777776,14.989583333333334,0,0,10.0,1640.0,5.0,0.0,0.0,0.0,0.0006944444444444445,15.0
2023-04-28,SG,CHINESE_CANTONESE,Content Reviewer,2023,4,28,0,0.0,0.0,0.0,0.0,0,0,0,0,1,0,0,0.0,56.17638888888887,4.020555555555556,6.801666666666667,0.0,8.98861111111111,0.0,0.0,2.451388888888889,2.412777777777778,14.989583333333334,0,0,10.0,1640.0,5.0,0.0,0.0,0.0,0.0006944444444444445,15.0
2023-04-29,SG,CHINESE_CANTONESE,Content Reviewer,2023,4,29,0,0.0,1.0,0.0,0.0,0,0,0,0,0,1,0,0.0,31.19888888888889,2.0241666666666664,0.0338888888888888,0.0005555555555555,3.993888888888889,0.0,0.0,0.0,0.7472222222222222,14.989583333333334,0,0,10.0,1640.0,5.0,0.0,0.0,0.0,0.0006944444444444445,15.0
2023-04-30,SG,CHINESE_CANTONESE,Content Reviewer,2023,4,30,0,1.0,0.0,0.0,0.0,0,0,0,0,0,0,1,0.0,34.05055555555555,1.7069444444444444,0.0297222222222222,0.0,4.013611111111111,0.0,0.0,0.0,0.0,14.989583333333334,0,0,10.0,1640.0,5.0,0.0,0.0,0.0,0.0006944444444444445,15.0
2023-05-01,SG,CHINESE_CANTONESE,Content Reviewer,2023,5,1,1,0.0,0.0,0.0,0.0,1,0,0,0,0,0,0,0.0,67.4325,4.156111111111111,2.338055555555556,3.99,8.991388888888888,0.0,0.0,2.243888888888889,0.9938888888888888,14.989583333333334,0,0,10.0,1640.0,5.0,0.0,0.0,0.0,0.0006944444444444445,15.0
2023-05-02,SG,CHINESE_CANTONESE,Content Reviewer,2023,5,2,0,0.0,0.0,1.0,0.0,0,1,0,0,0,0,0,0.0,72.92833333333337,4.990555555555557,3.6066666666666665,1.4936111111111112,9.973055555555556,0.0,0.0,2.5308333333333333,3.1100000000000003,14.989583333333334,0,0,10.0,1640.0,5.0,0.0,0.0,0.0,0.0006944444444444445,15.0
2023-05-03,SG,CHINESE_CANTONESE,Content Reviewer,2023,5,3,0,0.0,0.0,0.0,1.0,0,0,1,0,0,0,0,0.0,54.035,4.028333333333333,1.1413888888888888,8.534166666666666,8.046944444444444,0.9883333333333332,0.0,0.2427777777777778,0.8558333333333333,14.989583333333334,0,0,10.0,1640.0,5.0,0.0,0.0,0.0,0.0006944444444444445,15.0
2023-05-04,SG,CHINESE_CANTONESE,Content Reviewer,2023,5,4,0,0.0,0.0,0.0,0.0,0,0,0,1,0,0,0,0.0,65.65972222222223,4.082222222222223,0.2183333333333333,0.0086111111111111,8.012777777777778,0.0,0.0,2.100555555555556,0.0,14.989583333333334,0,0,10.0,1640.0,5.0,0.0,0.0,0.0,0.0006944444444444445,15.0
2023-05-05,SG,CHINESE_CANTONESE,Content Reviewer,2023,5,5,0,0.0,0.0,0.0,0.0,0,0,0,0,1,0,0,0.0,54.23444444444444,4.026111111111111,2.0702777777777777,0.4875,7.978611111111111,0.0,0.0,2.503055555555556,3.5825,14.989583333333334,0,0,10.0,1640.0,5.0,0.0,0.0,0.0,0.0006944444444444445,15.0
2023-05-06,SG,CHINESE_CANTONESE,Content Reviewer,2023,5,6,0,0.0,0.0,0.0,0.0,0,0,0,0,0,1,0,0.0,31.267777777777777,1.993888888888889,0.0652777777777777,0.0,3.9783333333333335,0.0,0.0,0.0,0.7633333333333333,14.989583333333334,0,0,10.0,1640.0,5.0,0.0,0.0,0.0,0.0006944444444444445,15.0
2023-05-07,SG,CHINESE_CANTONESE,Content Reviewer,2023,5,7,0,0.0,0.0,0.0,0.0,0,0,0,0,0,0,1,0.0,32.842222222222226,1.7311111111111113,0.0111111111111111,0.0,3.990277777777778,0.0,0.0,0.0,1.2816666666666667,14.989583333333334,0,0,10.0,1640.0,5.0,0.0,0.0,0.0,0.0006944444444444445,15.0
2023-05-08,SG,CHINESE_CANTONESE,Content Reviewer,2023,5,8,0,0.0,0.0,0.0,0.0,1,0,0,0,0,0,0,0.0,59.13555555555555,4.016944444444444,2.094444444444445,0.0,8.024722222222223,0.4941666666666666,0.0,1.985,0.0,14.989583333333334,0,0,10.0,1640.0,5.0,0.0,0.0,0.0,0.0006944444444444445,15.0
2023-05-09,SG,CHINESE_CANTONESE,Content Reviewer,2023,5,9,0,0.0,0.0,0.0,0.0,0,1,0,0,0,0,0,0.0,67.9538888888889,4.435833333333333,2.475833333333333,0.0,9.03361111111111,0.0,0.0,2.743888888888889,3.0022222222222226,14.989583333333334,0,0,10.0,1640.0,5.0,0.0,0.0,0.0,0.0006944444444444445,15.0
2023-05-10,SG,CHINESE_CANTONESE,Content Reviewer,2023,5,10,0,0.0,0.0,0.0,0.0,0,0,1,0,0,0,0,0.0,69.5172222222222,5.07388888888889,1.6575,7.52861111111111,10.110555555555557,9.456944444444444,0.0,0.4516666666666666,2.243888888888889,14.989583333333334,0,0,10.0,1640.0,5.0,0.0,0.0,0.0,0.0006944444444444445,15.0
2023-05-11,SG,CHINESE_CANTONESE,Content Reviewer,2023,5,11,0,0.0,0.0,0.0,0.0,0,0,0,1,0,0,0,0.0,67.94166666666666,4.634444444444444,2.393055555555556,0.0,9.004722222222222,0.0,0.0,2.444166666666667,3.241388888888889,14.989583333333334,0,0,10.0,1640.0,5.0,0.0,0.0,0.0,0.0006944444444444445,15.0
2023-05-12,SG,CHINESE_CANTONESE,Content Reviewer,2023,5,12,0,0.0,0.0,0.0,0.0,0,0,0,0,1,0,0,0.0,71.3388888888889,5.0408333333333335,3.024722222222222,0.0,9.985555555555557,0.0,0.0,2.861666666666667,0.7427777777777778,14.989583333333334,0,0,10.0,1640.0,5.0,0.0,0.0,0.0,0.0006944444444444445,15.0
2023-05-13,SG,CHINESE_CANTONESE,Content Reviewer,2023,5,13,0,0.0,0.0,0.0,0.0,0,0,0,0,0,1,0,0.0,49.630833333333335,2.8725000000000005,0.0561111111111111,0.0,5.940833333333334,0.0,0.0,0.0,0.0,14.989583333333334,0,0,10.0,1640.0,5.0,0.0,0.0,0.0,0.0006944444444444445,15.0
2023-05-14,SG,CHINESE_CANTONESE,Content Reviewer,2023,5,14,0,0.0,0.0,0.0,0.0,0,0,0,0,0,0,1,0.0,41.42361111111111,2.404166666666667,0.035,0.0,4.955277777777778,0.0,0.0,0.0,0.0,14.989583333333334,0,0,10.0,1640.0,5.0,0.0,0.0,0.0,0.0006944444444444445,15.0
2023-05-15,SG,CHINESE_CANTONESE,Content Reviewer,2023,5,15,0,0.0,0.0,0.0,0.0,1,0,0,0,0,0,0,0.0,78.59444444444446,5.459444444444444,2.908888888888889,2.944166666666668,11.047499999999998,0.985,0.0,3.600277777777778,2.543055555555556,14.989583333333334,0,0,10.0,1640.0,5.0,0.0,0.0,0.0,0.0006944444444444445,15.0
2023-05-16,SG,CHINESE_CANTONESE,Content Reviewer,2023,5,16,0,0.0,0.0,0.0,0.0,0,1,0,0,0,0,0,0.0,75.11777777777773,5.013055555555554,2.898055555555555,0.0,10.016666666666666,1.0194444444444444,0.0,2.733055555555556,2.9925,14.989583333333334,0,0,10.0,1640.0,5.0,0.0,0.0,0.0,0.0006944444444444445,15.0
2023-05-17,SG,CHINESE_CANTONESE,Content Reviewer,2023,5,17,0,0.0,0.0,0.0,0.0,0,0,1,0,0,0,0,0.0,71.70111111111109,4.763611111111112,0.4061111111111111,9.328888888888889,9.946388888888889,0.0,0.0,0.4786111111111111,2.238888888888889,14.989583333333334,0,0,10.0,1640.0,5.0,0.0,0.0,0.0,0.0006944444444444445,15.0
2023-05-18,SG,CHINESE_CANTONESE,Content Reviewer,2023,5,18,0,0.0,0.0,0.0,0.0,0,0,0,1,0,0,0,0.0,42.96888888888888,2.435555555555556,1.255,0.0,4.993888888888888,0.0,0.0,1.482222222222222,0.7441666666666666,14.989583333333334,0,0,10.0,1640.0,5.0,0.0,0.0,0.0,0.0006944444444444445,15.0
2023-05-19,SG,CHINESE_CANTONESE,Content Reviewer,2023,5,19,0,0.0,0.0,0.0,0.0,0,0,0,0,1,0,0,0.0,58.22749999999999,4.033611111111112,2.1972222222222224,0.0,8.019444444444444,0.0,0.0,2.3194444444444446,0.0,15.0,0,0,10.0,1640.0,5.0,0.0,0.0,0.0,0.0,15.0
2023-05-20,SG,CHINESE_CANTONESE,Content Reviewer,2023,5,20,0,0.0,0.0,0.0,0.0,0,0,0,0,0,1,0,0.0,24.26361111111112,1.403888888888889,0.0394444444444444,0.0,2.964166666666667,0.0,0.0,0.0,0.0,15.0,0,0,10.0,1640.0,5.0,0.0,0.0,0.0,0.0,15.0
2023-05-21,SG,CHINESE_CANTONESE,Content Reviewer,2023,5,21,0,0.0,0.0,0.0,0.0,0,0,0,0,0,0,1,0.0,24.56027777777777,1.4380555555555554,0.0080555555555555,0.0,3.0038888888888886,0.0,0.0,0.0,0.0,15.0,0,0,10.0,1640.0,5.0,0.0,0.0,0.0,0.0,15.0
2023-05-22,SG,CHINESE_CANTONESE,Content Reviewer,2023,5,22,0,0.0,0.0,0.0,0.0,1,0,0,0,0,0,0,0.0,59.93972222222222,4.254722222222222,3.192777777777777,6.440277777777776,8.972777777777779,1.0030555555555556,0.0,2.198611111111111,3.003055555555556,15.0,0,0,10.0,1640.0,5.0,0.0,0.0,0.0,0.0,15.0
2023-05-23,SG,CHINESE_CANTONESE,Content Reviewer,2023,5,23,0,0.0,0.0,0.0,0.0,0,1,0,0,0,0,0,0.0,76.13305555555554,4.960000000000001,2.9602777777777773,0.0,9.968333333333334,0.4930555555555556,0.0,3.1877777777777783,1.246111111111111,15.0,0,0,10.0,1640.0,5.0,0.0,0.0,0.0,0.0,15.0
2023-05-24,SG,CHINESE_CANTONESE,Content Reviewer,2023,5,24,0,0.0,0.0,0.0,0.0,0,0,1,0,0,0,0,0.0,73.31555555555555,5.078888888888888,0.6813888888888888,7.562777777777779,8.992777777777777,0.0,0.0,0.565,2.2669444444444444,15.0,0,0,10.0,1640.0,5.0,0.0,0.0,0.0,0.0,15.0
2023-05-25,SG,CHINESE_CANTONESE,Content Reviewer,2023,5,25,0,0.0,0.0,0.0,0.0,0,0,0,1,0,0,0,0.0,81.4141666666667,5.333055555555554,3.315,0.0,10.333333333333334,0.0,0.0,9.298055555555557,0.0,15.0,0,0,10.0,1640.0,5.0,0.0,0.0,0.0,0.0,15.0
2023-05-26,SG,CHINESE_CANTONESE,Content Reviewer,2023,5,26,0,0.0,0.0,0.0,0.0,0,0,0,0,1,0,0,0.0,71.46250000000002,5.248055555555556,2.9427777777777786,0.0,10.05861111111111,0.0,0.0,2.186666666666667,0.7594444444444445,15.0,0,0,10.0,1640.0,5.0,0.0,0.0,0.0,0.0,15.0
2023-05-27,SG,CHINESE_CANTONESE,Content Reviewer,2023,5,27,0,0.0,0.0,0.0,0.0,0,0,0,0,0,1,0,0.0,40.75305555555554,2.4341666666666666,0.0388888888888888,0.0,4.964444444444444,0.0,0.0,0.0,0.7419444444444444,15.0,0,0,10.0,1640.0,5.0,0.0,0.0,0.0,0.0,15.0
2023-05-28,SG,CHINESE_CANTONESE,Content Reviewer,2023,5,28,0,0.0,0.0,0.0,0.0,0,0,0,0,0,0,1,0.0,33.16222222222222,1.8166666666666669,0.0341666666666666,0.0,4.005,0.0,0.0,0.0,0.0,15.0,0,0,10.0,1640.0,5.0,0.0,0.0,0.0,0.0,15.0
2023-05-29,SG,CHINESE_CANTONESE,Content Reviewer,2023,5,29,0,0.0,0.0,0.0,0.0,1,0,0,0,0,0,0,0.0,67.59138888888889,5.034722222222221,2.946388888888889,7.433611111111111,9.99861111111111,0.0,0.0,2.975833333333333,3.0663888888888886,15.0,0,0,10.0,1640.0,5.0,0.0,0.0,0.0,0.0,15.0
2023-05-30,SG,CHINESE_CANTONESE,Content Reviewer,2023,5,30,0,0.0,0.0,0.0,0.0,0,1,0,0,0,0,0,0.0,52.44194444444444,3.539166666666666,1.758611111111111,0.0,7.018055555555556,0.0,0.0,2.069166666666667,2.2380555555555555,15.0,0,0,10.0,1640.0,5.0,0.0,0.0,0.0,0.0,15.0
2023-05-31,SG,CHINESE_CANTONESE,Content Reviewer,2023,5,31,0,0.0,1.0,0.0,0.0,0,0,1,0,0,0,0,0.0,54.4825,4.081111111111112,0.475,9.81861111111111,7.991666666666666,0.0,0.0,0.0,2.2555555555555555,14.988888888888889,0,1,10.0,1640.0,4.0,0.0,0.06666666666666667,0.0,0.0007407407407407407,15.0
2023-06-01,SG,CHINESE_CANTONESE,Content Reviewer,2023,6,1,0,1.0,0.0,0.0,0.0,0,0,0,1,0,0,0,0.0,62.633333333333326,3.9500000000000006,3.3369444444444443,0.0,8.045555555555556,0.0,0.0,1.9791666666666663,0.0,13.98962962962963,0,0,10.0,2050.0,4.0,0.0,0.0,0.0,0.0007407407407407407,14.0
2023-06-02,SG,CHINESE_CANTONESE,Content Reviewer,2023,6,2,1,0.0,0.0,0.0,0.0,0,0,0,0,1,0,0,0.0,64.7288888888889,4.454444444444444,2.555555555555556,0.0,9.028611111111111,0.0,0.0,2.120555555555556,2.2469444444444444,13.98962962962963,0,0,10.0,2050.0,4.0,0.0,0.0,0.0,0.0007407407407407407,14.0
2023-06-03,SG,CHINESE_CANTONESE,Content Reviewer,2023,6,3,0,0.0,0.0,1.0,0.0,0,0,0,0,0,1,0,0.0,32.99583333333334,1.7508333333333337,0.0936111111111111,0.0,3.975555555555556,0.0,0.0,0.0,0.0,13.98962962962963,0,0,10.0,2050.0,4.0,0.0,0.0,0.0,0.0007407407407407407,14.0
2023-06-04,SG,CHINESE_CANTONESE,Content Reviewer,2023,6,4,0,0.0,0.0,0.0,1.0,0,0,0,0,0,0,1,0.0,24.51277777777777,1.48,0.0,0.0,2.968888888888889,0.0,0.0,0.0,0.0,13.98962962962963,0,0,10.0,2050.0,4.0,0.0,0.0,0.0,0.0007407407407407407,14.0
2023-06-05,SG,CHINESE_CANTONESE,Content Reviewer,2023,6,5,0,0.0,0.0,0.0,0.0,1,0,0,0,0,0,0,0.0,68.81583333333333,4.555833333333335,2.021666666666667,0.7336111111111111,9.976944444444444,0.0,8.963333333333333,2.719444444444445,2.328333333333333,13.98962962962963,0,0,10.0,2050.0,4.0,0.0,0.0,0.0,0.0007407407407407407,14.0
2023-06-06,SG,CHINESE_CANTONESE,Content Reviewer,2023,6,6,0,0.0,0.0,0.0,0.0,0,1,0,0,0,0,0,0.0,70.02194444444444,4.535555555555555,2.857500000000001,0.0,10.004722222222222,0.0,8.228055555555555,2.0508333333333333,2.233055555555556,13.98962962962963,0,0,10.0,2050.0,4.0,0.0,0.0,0.0,0.0007407407407407407,14.0
2023-06-07,SG,CHINESE_CANTONESE,Content Reviewer,2023,6,7,0,0.0,0.0,0.0,0.0,0,0,1,0,0,0,0,0.0,66.40861111111113,4.429722222222222,0.1291666666666666,6.759166666666665,9.971944444444446,0.0,8.966944444444444,0.7733333333333334,0.7505555555555555,13.98962962962963,0,0,10.0,2050.0,4.0,0.0,0.0,0.0,0.0007407407407407407,14.0
2023-06-08,SG,CHINESE_CANTONESE,Content Reviewer,2023,6,8,0,0.0,0.0,0.0,0.0,0,0,0,1,0,0,0,0.0,51.69749999999999,3.404722222222222,2.1758333333333337,1.9536111111111112,7.932777777777778,0.0,9.029722222222222,2.2830555555555554,1.4980555555555557,13.98962962962963,0,0,10.0,2050.0,4.0,0.0,0.0,0.0,0.0007407407407407407,14.0
2023-06-09,SG,CHINESE_CANTONESE,Content Reviewer,2023,6,9,0,0.0,0.0,0.0,0.0,0,0,0,0,1,0,0,0.0,62.525277777777774,4.4975000000000005,2.3963888888888887,2.6638888888888888,10.013611111111112,0.0,7.405555555555556,2.543333333333333,1.5322222222222222,13.98962962962963,0,0,10.0,2050.0,4.0,0.0,0.0,0.0,0.0007407407407407407,14.0
2023-06-10,SG,CHINESE_CANTONESE,Content Reviewer,2023,6,10,0,0.0,0.0,0.0,0.0,0,0,0,0,0,1,0,0.0,32.993333333333325,1.9941666666666664,0.0055555555555555,0.0,3.9497222222222224,0.0,0.0,0.0,0.0,13.98962962962963,0,0,10.0,2050.0,4.0,0.0,0.0,0.0,0.0007407407407407407,14.0
2023-06-11,SG,CHINESE_CANTONESE,Content Reviewer,2023,6,11,0,0.0,0.0,0.0,0.0,0,0,0,0,0,0,1,0.0,32.85916666666667,1.7888888888888888,0.0369444444444444,0.0,4.258055555555556,0.0,0.0,0.0,0.0,13.98962962962963,0,0,10.0,2050.0,4.0,0.0,0.0,0.0,0.0007407407407407407,14.0
2023-06-12,SG,CHINESE_CANTONESE,Content Reviewer,2023,6,12,0,0.0,0.0,0.0,0.0,1,0,0,0,0,0,0,0.0,58.070833333333326,3.921111111111111,1.5644444444444443,0.9627777777777778,7.998611111111112,1.0127777777777778,0.0,3.1952777777777785,2.262777777777778,13.98962962962963,0,0,10.0,2050.0,4.0,0.0,0.0,0.0,0.0007407407407407407,14.0
2023-06-13,SG,CHINESE_CANTONESE,Content Reviewer,2023,6,13,0,0.0,0.0,0.0,0.0,0,1,0,0,0,0,0,0.0,60.53527777777778,3.7191666666666654,2.724166666666666,0.4419444444444444,7.918611111111112,0.0,0.0,2.0425,1.5747222222222224,13.98962962962963,0,0,10.0,2050.0,4.0,0.0,0.0,0.0,0.0007407407407407407,14.0
2023-06-14,SG,CHINESE_CANTONESE,Content Reviewer,2023,6,14,0,0.0,0.0,0.0,0.0,0,0,1,0,0,0,0,0.0,64.54111111111114,4.547222222222222,0.2047222222222222,7.3086111111111105,8.97638888888889,0.0,0.0,1.2894444444444444,2.230833333333333,13.98962962962963,0,0,10.0,2050.0,4.0,0.0,0.0,0.0,0.0007407407407407407,14.0
2023-06-15,SG,CHINESE_CANTONESE,Content Reviewer,2023,6,15,0,0.0,0.0,0.0,0.0,0,0,0,1,0,0,0,0.0,62.005833333333314,3.841666666666667,2.590277777777778,0.0,8.017777777777779,0.0,0.0,2.407222222222222,0.0,13.98962962962963,0,0,10.0,2050.0,4.0,0.0,0.0,0.0,0.0007407407407407407,14.0
2023-06-16,SG,CHINESE_CANTONESE,Content Reviewer,2023,6,16,0,0.0,0.0,0.0,0.0,0,0,0,0,1,0,0,0.0,65.23138888888887,4.423611111111111,2.322222222222222,0.0,9.00888888888889,0.0,0.0,2.6141666666666667,1.5022222222222223,13.98962962962963,0,0,10.0,2050.0,4.0,0.0,0.0,0.0,0.0007407407407407407,14.0
2023-06-17,SG,CHINESE_CANTONESE,Content Reviewer,2023,6,17,0,0.0,0.0,0.0,0.0,0,0,0,0,0,1,0,0.0,40.28333333333333,2.2558333333333334,0.1141666666666666,0.0,4.974444444444444,0.0,0.0,0.0,1.271111111111111,13.98962962962963,0,0,10.0,2050.0,4.0,0.0,0.0,0.0,0.0007407407407407407,14.0
2023-06-18,SG,CHINESE_CANTONESE,Content Reviewer,2023,6,18,0,0.0,0.0,0.0,0.0,0,0,0,0,0,0,1,0.0,41.678333333333335,2.296944444444444,0.0127777777777777,0.0,4.9991666666666665,0.0,0.0,0.0,0.0,13.98962962962963,0,0,10.0,2050.0,4.0,0.0,0.0,0.0,0.0007407407407407407,14.0
2023-06-19,SG,CHINESE_CANTONESE,Content Reviewer,2023,6,19,0,0.0,0.0,0.0,0.0,1,0,0,0,0,0,0,0.0,72.31833333333333,4.950833333333334,2.428611111111111,0.571388888888889,9.066944444444443,0.0,0.0,2.986944444444445,1.5277777777777777,13.98962962962963,0,0,10.0,2050.0,4.0,0.0,0.0,0.0,0.0007407407407407407,14.0
2023-06-20,SG,CHINESE_CANTONESE,Content Reviewer,2023,6,20,0,0.0,0.0,0.0,0.0,0,1,0,0,0,0,0,0.0,83.30138888888891,5.463888888888888,3.3005555555555564,0.0,11.018055555555556,0.0,0.0,2.9449999999999994,3.0194444444444444,13.98962962962963,0,0,10.0,2050.0,4.0,0.0,0.0,0.0,0.0007407407407407407,14.0
2023-06-21,SG,CHINESE_CANTONESE,Content Reviewer,2023,6,21,0,0.0,0.0,0.0,0.0,0,0,1,0,0,0,0,0.0,69.28472222222223,4.485555555555555,0.13,7.004166666666666,9.069444444444445,0.0,0.0,0.0,0.0,13.98962962962963,0,0,10.0,2050.0,4.0,0.0,0.0,0.0,0.0007407407407407407,14.0
2023-06-22,SG,CHINESE_CANTONESE,Content Reviewer,2023,6,22,0,0.0,0.0,0.0,0.0,0,0,0,1,0,0,0,0.0,74.95749999999998,5.1002777777777775,3.163888888888888,0.0,10.14277777777778,0.0,0.0,5.451666666666666,0.0,13.98962962962963,0,0,10.0,2050.0,4.0,0.0,0.0,0.0,0.0007407407407407407,14.0
2023-06-23,SG,CHINESE_CANTONESE,Content Reviewer,2023,6,23,0,0.0,0.0,0.0,0.0,0,0,0,0,1,0,0,0.0,72.36027777777774,5.392222222222222,3.4466666666666668,0.0,11.029722222222222,0.0,0.0,4.993333333333333,5.299722222222222,13.98962962962963,0,0,10.0,2050.0,4.0,0.0,0.0,0.0,0.0007407407407407407,14.0
2023-06-24,SG,CHINESE_CANTONESE,Content Reviewer,2023,6,24,0,0.0,0.0,0.0,0.0,0,0,0,0,0,1,0,0.0,25.35833333333334,1.518888888888889,0.035,0.0,3.000277777777778,0.0,0.0,0.0,0.0,13.978518518518518,0,1,10.0,2050.0,3.0,0.0,0.07142857142857142,0.0,0.0015343915343915345,14.0
2023-06-25,SG,CHINESE_CANTONESE,Content Reviewer,2023,6,25,0,0.0,0.0,0.0,0.0,0,0,0,0,0,0,1,0.0,49.94444444444444,2.884722222222222,0.1627777777777778,0.0,6.04,0.0,0.0,0.0,0.0,12.991164021164021,1,0,10.0,2050.0,4.0,0.07692307692307693,0.0,0.0008547008547008547,0.0015343915343915345,13.0
2023-06-26,SG,CHINESE_CANTONESE,Content Reviewer,2023,6,26,0,0.0,0.0,0.0,0.0,1,0,0,0,0,0,0,0.0,62.0513888888889,5.061111111111111,5.863055555555556,9.64611111111111,9.781944444444443,0.5069444444444444,0.0,3.3127777777777774,2.7144444444444447,14.001595441595441,1,0,10.0,2050.0,5.0,0.07142857142857142,0.0,0.0016483516483516484,0.0015343915343915345,14.0
2023-06-27,SG,CHINESE_CANTONESE,Content Reviewer,2023,6,27,0,0.0,1.0,0.0,0.0,0,1,0,0,0,0,0,0.0,53.81888888888891,3.926388888888889,6.220555555555555,4.013611111111111,7.741388888888888,0.0,0.0,1.6408333333333336,1.475833333333333,15.001709401709402,0,0,10.0,2050.0,5.0,0.0,0.0,0.0016483516483516484,0.0015343915343915345,15.0
2023-06-28,SG,CHINESE_CANTONESE,Content Reviewer,2023,6,28,0,1.0,0.0,0.0,0.0,0,0,1,0,0,0,0,0.0,62.47249999999999,4.8100000000000005,4.903055555555556,15.019444444444446,9.658888888888889,0.2497222222222222,0.0,0.5130555555555556,2.35,15.001709401709402,0,0,10.0,2050.0,5.0,0.0,0.0,0.0016483516483516484,0.0015343915343915345,15.0
2023-06-29,SG,CHINESE_CANTONESE,Content Reviewer,2023,6,29,1,0.0,0.0,0.0,0.0,0,0,0,1,0,0,0,0.0,57.96333333333335,4.364444444444445,8.390555555555556,3.1327777777777777,8.774444444444445,0.0,0.0,1.906388888888889,1.59,15.001709401709402,0,0,10.0,2050.0,5.0,0.0,0.0,0.0016483516483516484,0.0015343915343915345,15.0
2023-06-30,SG,CHINESE_CANTONESE,Content Reviewer,2023,6,30,0,0.0,0.0,1.0,0.0,0,0,0,0,1,0,0,0.0,51.848055555555554,4.419722222222223,6.450277777777779,3.688055555555556,8.69388888888889,0.0,0.0,7.31611111111111,1.5319444444444446,15.001709401709402,0,0,10.0,2050.0,5.0,0.0,0.0,0.0016483516483516484,0.0015343915343915345,15.0
2023-07-01,SG,CHINESE_CANTONESE,Content Reviewer,2023,7,1,0,0.0,0.0,0.0,1.0,0,0,0,0,0,1,0,0.0,32.95555555555556,2.015,0.0319444444444444,0.0,3.985555555555556,0.0,0.0,0.0,0.9997222222222222,14.97948717948718,0,2,10.0,1640.0,3.0,0.0,0.13333333333333333,0.0016483516483516484,0.0030158730158730157,15.0
2023-07-02,SG,CHINESE_CANTONESE,Content Reviewer,2023,7,2,0,0.0,0.0,0.0,0.0,0,0,0,0,0,0,1,0.0,40.142222222222216,1.8975,0.0522222222222222,0.0,5.016388888888889,0.0,0.0,0.0,1.7058333333333335,12.982222222222223,0,0,10.0,1640.0,3.0,0.0,0.0,0.0016483516483516484,0.0030158730158730157,13.0
2023-07-03,SG,CHINESE_CANTONESE,Content Reviewer,2023,7,3,0,0.0,0.0,0.0,0.0,1,0,0,0,0,0,0,0.0,37.30361111111111,2.885,1.9119444444444444,9.98,5.946111111111111,0.0,0.0,1.0569444444444445,0.7686111111111111,12.982222222222223,0,0,10.0,1640.0,3.0,0.0,0.0,0.0016483516483516484,0.0030158730158730157,13.0
2023-07-04,SG,CHINESE_CANTONESE,Content Reviewer,2023,7,4,0,0.0,0.0,0.0,0.0,0,1,0,0,0,0,0,0.0,66.28361111111114,4.506666666666666,2.1791666666666667,0.0,8.981111111111112,1.5194444444444444,0.0,2.5044444444444447,2.8741666666666665,12.982222222222223,0,0,10.0,1640.0,3.0,0.0,0.0,0.0016483516483516484,0.0030158730158730157,13.0
2023-07-05,SG,CHINESE_CANTONESE,Content Reviewer,2023,7,5,0,0.0,0.0,0.0,0.0,0,0,1,0,0,0,0,0.0,70.40277777777777,4.348333333333334,2.605833333333333,0.2488888888888888,8.999166666666667,0.0,0.0,2.0055555555555555,0.0,12.982222222222223,0,0,10.0,1640.0,3.0,0.0,0.0,0.0016483516483516484,0.0030158730158730157,13.0
2023-07-06,SG,CHINESE_CANTONESE,Content Reviewer,2023,7,6,0,0.0,0.0,0.0,0.0,0,0,0,1,0,0,0,0.0,69.13333333333334,4.8902777777777775,0.0430555555555555,9.215555555555554,10.0175,0.7480555555555555,0.0,0.5311111111111111,3.7541666666666655,12.982222222222223,0,0,10.0,1640.0,3.0,0.0,0.0,0.0016483516483516484,0.0030158730158730157,13.0
2023-07-07,SG,CHINESE_CANTONESE,Content Reviewer,2023,7,7,0,0.0,0.0,0.0,0.0,0,0,0,0,1,0,0,0.0,69.35472222222221,4.865,2.566944444444444,0.2727777777777778,9.033055555555556,0.0,0.0,2.3986111111111112,0.6988888888888889,12.982222222222223,0,0,10.0,1640.0,3.0,0.0,0.0,0.0016483516483516484,0.0030158730158730157,13.0
2023-07-08,SG,CHINESE_CANTONESE,Content Reviewer,2023,7,8,0,0.0,0.0,0.0,0.0,0,0,0,0,0,1,0,0.0,16.01527777777778,0.9780555555555556,0.0608333333333333,0.0,1.978055555555556,0.0,0.0,0.0,0.0,12.982222222222223,0,0,10.0,1640.0,3.0,0.0,0.0,0.0016483516483516484,0.0030158730158730157,13.0
2023-07-09,SG,CHINESE_CANTONESE,Content Reviewer,2023,7,9,0,0.0,0.0,0.0,0.0,0,0,0,0,0,0,1,0.0,33.04388888888889,1.935,0.0530555555555555,0.0,4.003333333333333,0.0,0.0,0.0,0.0,12.982222222222223,0,0,10.0,1640.0,3.0,0.0,0.0,0.0016483516483516484,0.0030158730158730157,13.0
2023-07-10,SG,CHINESE_CANTONESE,Content Reviewer,2023,7,10,0,0.0,0.0,0.0,0.0,1,0,0,0,0,0,0,0.0,73.05999999999999,4.885277777777777,2.2616666666666667,3.5966666666666662,10.029166666666669,0.0,0.0,2.8916666666666666,2.264722222222222,12.982222222222223,0,0,10.0,1640.0,3.0,0.0,0.0,0.0016483516483516484,0.0030158730158730157,13.0
2023-07-11,SG,CHINESE_CANTONESE,Content Reviewer,2023,7,11,0,0.0,0.0,0.0,0.0,0,1,0,0,0,0,0,0.0,67.0802777777778,4.548333333333333,2.190555555555556,0.9369444444444444,9.053333333333336,0.0,0.0,2.768333333333333,2.240277777777778,12.982222222222223,0,0,10.0,1640.0,3.0,0.0,0.0,0.0016483516483516484,0.0030158730158730157,13.0
2023-07-12,SG,CHINESE_CANTONESE,Content Reviewer,2023,7,12,0,0.0,0.0,0.0,0.0,0,0,1,0,0,0,0,0.0,57.00722222222223,3.783888888888889,0.6852777777777778,7.270277777777777,8.107500000000002,0.0,0.0,0.5825,1.4897222222222224,12.982222222222223,0,0,10.0,1640.0,3.0,0.0,0.0,0.0016483516483516484,0.0030158730158730157,13.0
2023-07-13,SG,CHINESE_CANTONESE,Content Reviewer,2023,7,13,0,0.0,0.0,0.0,0.0,0,0,0,1,0,0,0,0.0,68.61194444444443,4.602777777777777,3.066388888888889,0.7388888888888889,9.076944444444443,0.0,0.0,2.124444444444445,1.5052777777777775,12.982222222222223,0,0,10.0,1640.0,3.0,0.0,0.0,0.0016483516483516484,0.0030158730158730157,13.0
2023-07-14,SG,CHINESE_CANTONESE,Content Reviewer,2023,7,14,0,0.0,0.0,0.0,0.0,0,0,0,0,1,0,0,0.0,56.3361111111111,3.8111111111111104,1.959444444444444,1.48,8.118611111111113,0.0,0.0,2.2647222222222223,0.0,12.982222222222223,0,0,10.0,1640.0,3.0,0.0,0.0,0.0016483516483516484,0.0030158730158730157,13.0
2023-07-15,SG,CHINESE_CANTONESE,Content Reviewer,2023,7,15,0,0.0,0.0,0.0,0.0,0,0,0,0,0,1,0,0.0,25.72138888888889,1.395,0.0236111111111111,0.0,2.8633333333333333,0.0,0.0,0.0,0.0,12.982222222222223,0,0,10.0,1640.0,3.0,0.0,0.0,0.0016483516483516484,0.0030158730158730157,13.0
2023-07-16,SG,CHINESE_CANTONESE,Content Reviewer,2023,7,16,0,0.0,0.0,0.0,0.0,0,0,0,0,0,0,1,0.0,25.46416666666667,1.5572222222222225,0.0672222222222222,0.0,2.9947222222222223,0.0,0.0,0.0,0.0,12.982222222222223,0,0,10.0,1640.0,3.0,0.0,0.0,0.0016483516483516484,0.0030158730158730157,13.0
2023-07-17,SG,CHINESE_CANTONESE,Content Reviewer,2023,7,17,0,0.0,0.0,0.0,0.0,1,0,0,0,0,0,0,0.0,76.34666666666665,4.985833333333333,2.451944444444444,0.0,10.006111111111112,0.0,0.0,2.8683333333333336,2.249722222222222,12.982222222222223,0,0,10.0,1640.0,3.0,0.0,0.0,0.0016483516483516484,0.0030158730158730157,13.0
2023-07-18,SG,CHINESE_CANTONESE,Content Reviewer,2023,7,18,0,0.0,0.0,0.0,0.0,0,1,0,0,0,0,0,0.0,68.385,4.4688888888888885,2.206111111111111,0.0,9.02111111111111,0.0,0.0,2.9705555555555554,1.5211111111111113,12.982222222222223,0,0,10.0,1640.0,3.0,0.0,0.0,0.0016483516483516484,0.0030158730158730157,13.0
2023-07-19,SG,CHINESE_CANTONESE,Content Reviewer,2023,7,19,0,0.0,0.0,0.0,0.0,0,0,1,0,0,0,0,0.0,73.75305555555556,5.156944444444445,0.25,8.385,10.010277777777777,0.0,0.0,0.5255555555555556,0.7563888888888889,12.982222222222223,0,0,10.0,1640.0,3.0,0.0,0.0,0.0016483516483516484,0.0030158730158730157,13.0
2023-07-20,SG,CHINESE_CANTONESE,Content Reviewer,2023,7,20,0,0.0,0.0,0.0,0.0,0,0,0,1,0,0,0,0.0,72.28,4.668888888888889,2.891388888888889,0.5022222222222222,10.086666666666666,0.0,0.0,3.734166666666667,5.583333333333333,12.982222222222223,0,0,10.0,1640.0,3.0,0.0,0.0,0.0016483516483516484,0.0030158730158730157,13.0
2023-07-21,SG,CHINESE_CANTONESE,Content Reviewer,2023,7,21,0,0.0,0.0,0.0,0.0,0,0,0,0,1,0,0,0.0,64.17833333333336,4.550555555555555,2.1575,0.0,9.062777777777775,0.0,0.0,3.2552777777777773,0.0,12.982222222222223,0,0,10.0,1640.0,3.0,0.0,0.0,0.0016483516483516484,0.0030158730158730157,13.0
2023-07-22,SG,CHINESE_CANTONESE,Content Reviewer,2023,7,22,0,0.0,0.0,0.0,0.0,0,0,0,0,0,1,0,0.0,33.97833333333334,1.827777777777778,0.0180555555555555,0.0,3.9733333333333336,0.0,0.0,0.0,0.0236111111111111,12.982222222222223,0,0,10.0,1640.0,3.0,0.0,0.0,0.0016483516483516484,0.0030158730158730157,13.0
2023-07-23,SG,CHINESE_CANTONESE,Content Reviewer,2023,7,23,0,0.0,0.0,0.0,0.0,0,0,0,0,0,0,1,0.0,32.91527777777778,2.018611111111111,0.0147222222222222,0.0,4.014722222222222,0.0,0.0,0.0,0.0,12.982222222222223,0,0,10.0,1640.0,3.0,0.0,0.0,0.0016483516483516484,0.0030158730158730157,13.0
2023-07-24,SG,CHINESE_CANTONESE,Content Reviewer,2023,7,24,0,0.0,0.0,0.0,0.0,1,0,0,0,0,0,0,0.0,58.48722222222222,3.8080555555555553,1.573611111111111,1.2397222222222222,8.008888888888889,0.0,0.0,3.021111111111111,2.306388888888889,12.982222222222223,0,0,10.0,1640.0,3.0,0.0,0.0,0.0016483516483516484,0.0030158730158730157,13.0
2023-07-25,SG,CHINESE_CANTONESE,Content Reviewer,2023,7,25,0,0.0,0.0,0.0,0.0,0,1,0,0,0,0,0,0.0,69.06833333333334,4.211944444444445,2.574444444444445,0.0,9.015277777777778,0.0,0.0,3.118888888888889,0.7544444444444445,12.982222222222223,0,0,10.0,1640.0,3.0,0.0,0.0,0.0016483516483516484,0.0030158730158730157,13.0
2023-07-26,SG,CHINESE_CANTONESE,Content Reviewer,2023,7,26,0,0.0,0.0,0.0,0.0,0,0,1,0,0,0,0,0.0,51.21472222222225,3.178333333333333,0.3380555555555555,6.618333333333333,7.024166666666667,0.0,0.0,0.7819444444444444,2.256388888888889,12.982222222222223,0,0,10.0,1640.0,3.0,0.0,0.0,0.0016483516483516484,0.0030158730158730157,13.0
2023-07-27,SG,CHINESE_CANTONESE,Content Reviewer,2023,7,27,0,0.0,0.0,0.0,0.0,0,0,0,1,0,0,0,0.0,53.43583333333335,4.062222222222223,3.2647222222222223,0.2608333333333333,8.070833333333333,0.0,0.0,14.996944444444445,2.6838888888888888,12.982222222222223,0,0,10.0,1640.0,3.0,0.0,0.0,0.0016483516483516484,0.0030158730158730157,13.0
2023-07-28,SG,CHINESE_CANTONESE,Content Reviewer,2023,7,28,0,0.0,0.0,0.0,0.0,0,0,0,0,1,0,0,0.0,67.35222222222222,4.194999999999999,2.461388888888889,0.0,8.023888888888889,0.0,0.0,3.2002777777777776,0.0,12.982222222222223,0,0,10.0,1640.0,3.0,0.0,0.0,0.0016483516483516484,0.0030158730158730157,13.0
2023-07-29,SG,CHINESE_CANTONESE,Content Reviewer,2023,7,29,0,0.0,0.0,0.0,0.0,0,0,0,0,0,1,0,0.0,34.01222222222222,1.8897222222222223,0.0441666666666666,0.0,3.9952777777777775,0.0,0.0,0.0,0.0,12.982222222222223,0,0,10.0,1640.0,3.0,0.0,0.0,0.0016483516483516484,0.0030158730158730157,13.0
2023-07-30,SG,CHINESE_CANTONESE,Content Reviewer,2023,7,30,0,0.0,0.0,0.0,0.0,0,0,0,0,0,0,1,0.0,24.485000000000003,1.5308333333333335,0.0702777777777777,0.0,2.974444444444444,0.0,0.0,0.0,0.7561111111111111,12.982222222222223,0,0,10.0,1640.0,3.0,0.0,0.0,0.0016483516483516484,0.0030158730158730157,13.0
2023-07-31,SG,CHINESE_CANTONESE,Content Reviewer,2023,7,31,0,0.0,0.0,0.0,0.0,1,0,0,0,0,0,0,0.0,61.10527777777776,4.401388888888889,2.387777777777778,4.809166666666666,9.163333333333332,0.0,0.0,3.0463888888888886,3.756111111111112,12.982222222222223,0,0,10.0,1640.0,3.0,0.0,0.0,0.0016483516483516484,0.0030158730158730157,13.0
2023-08-01,SG,CHINESE_CANTONESE,Content Reviewer,2023,8,1,0,0.0,0.0,0.0,0.0,0,1,0,0,0,0,0,0.0,64.13666666666668,4.081666666666667,2.851666666666666,0.0,8.098333333333333,0.0,0.0,2.870555555555556,1.2494444444444444,12.982222222222223,0,0,10.0,1640.0,3.0,0.0,0.0,0.0016483516483516484,0.0030158730158730157,13.0
2023-08-02,SG,CHINESE_CANTONESE,Content Reviewer,2023,8,2,0,0.0,0.0,0.0,0.0,0,0,1,0,0,0,0,0.0,48.64611111111112,2.963611111111111,0.1491666666666666,8.50611111111111,6.025,0.0,0.0,0.8200000000000001,0.8411111111111111,12.982222222222223,0,0,10.0,1640.0,3.0,0.0,0.0,0.0016483516483516484,0.0030158730158730157,13.0
2023-08-03,SG,CHINESE_CANTONESE,Content Reviewer,2023,8,3,0,0.0,0.0,0.0,0.0,0,0,0,1,0,0,0,0.0,57.6175,3.568888888888889,0.8383333333333333,1.008888888888889,6.899722222222223,0.0,0.0,3.8594444444444447,3.0033333333333334,12.982222222222223,0,0,10.0,1640.0,3.0,0.0,0.0,0.0016483516483516484,0.0030158730158730157,13.0
2023-08-04,SG,CHINESE_CANTONESE,Content Reviewer,2023,8,4,0,0.0,0.0,0.0,0.0,0,0,0,0,1,0,0,0.0,67.20222222222223,4.306666666666667,2.2072222222222218,0.0,8.011944444444444,0.0,0.0,3.5786111111111114,0.7563888888888889,12.982222222222223,0,0,10.0,1640.0,3.0,0.0,0.0,0.0016483516483516484,0.0030158730158730157,13.0
2023-08-05,SG,CHINESE_CANTONESE,Content Reviewer,2023,8,5,0,0.0,0.0,0.0,0.0,0,0,0,0,0,1,0,0.0,25.497777777777777,1.4700000000000002,0.0305555555555555,0.0,2.945,0.0,0.0,0.0,0.0,12.982222222222223,0,0,10.0,1640.0,3.0,0.0,0.0,0.0016483516483516484,0.0030158730158730157,13.0
2023-08-06,SG,CHINESE_CANTONESE,Content Reviewer,2023,8,6,0,0.0,0.0,0.0,0.0,0,0,0,0,0,0,1,0.0,24.78555555555556,1.15,0.0222222222222222,0.0,3.009444444444444,0.0,0.0,0.0,0.0,12.982222222222223,0,0,10.0,1640.0,3.0,0.0,0.0,0.0016483516483516484,0.0030158730158730157,13.0
2023-08-07,SG,CHINESE_CANTONESE,Content Reviewer,2023,8,7,0,0.0,1.0,0.0,0.0,1,0,0,0,0,0,0,0.0,56.64861111111111,3.646111111111111,1.5305555555555554,5.464444444444444,7.015,0.0,0.0,2.647777777777778,3.07,12.982222222222223,0,0,10.0,1640.0,3.0,0.0,0.0,0.0016483516483516484,0.0030158730158730157,13.0
2023-08-08,SG,CHINESE_CANTONESE,Content Reviewer,2023,8,8,0,1.0,0.0,0.0,0.0,0,1,0,0,0,0,0,0.0,50.5925,2.7572222222222225,1.5641666666666671,0.0,5.984444444444446,0.0,0.0,2.3716666666666666,0.0,12.982222222222223,0,0,10.0,1640.0,3.0,0.0,0.0,0.0016483516483516484,0.0030158730158730157,13.0
2023-08-09,SG,CHINESE_CANTONESE,Content Reviewer,2023,8,9,1,0.0,0.0,0.0,0.0,0,0,1,0,0,0,0,0.0,58.61777777777777,4.022777777777779,0.2011111111111111,13.781944444444443,8.059166666666666,0.5094444444444445,0.0,0.0,0.7522222222222222,12.982222222222223,0,0,10.0,1640.0,3.0,0.0,0.0,0.0016483516483516484,0.0030158730158730157,13.0
2023-08-10,SG,CHINESE_CANTONESE,Content Reviewer,2023,8,10,0,0.0,0.0,1.0,0.0,0,0,0,1,0,0,0,0.0,71.94333333333336,3.9241666666666655,2.541388888888889,0.0,8.03,0.0,0.0,3.019444444444445,1.5175,12.971111111111112,0,1,10.0,1640.0,2.0,0.0,0.07692307692307693,0.0016483516483516484,0.0038705738705738704,13.0
2023-08-11,SG,CHINESE_CANTONESE,Content Reviewer,2023,8,11,0,0.0,0.0,0.0,1.0,0,0,0,0,1,0,0,0.0,79.87638888888893,4.125555555555555,0.0108333333333333,0.0,8.996666666666666,0.4116666666666667,0.0,5.575833333333333,0.7933333333333333,11.973333333333333,0,0,10.0,1640.0,2.0,0.0,0.0,0.0016483516483516484,0.0038705738705738704,12.0
2023-08-12,SG,CHINESE_CANTONESE,Content Reviewer,2023,8,12,0,0.0,0.0,0.0,0.0,0,0,0,0,0,1,0,0.0,33.80388888888889,1.4605555555555556,0.0,1.006388888888889,2.980277777777778,0.0,0.0,0.0,0.7641666666666667,11.973333333333333,0,0,10.0,1640.0,2.0,0.0,0.0,0.0016483516483516484,0.0038705738705738704,12.0
2023-08-13,SG,CHINESE_CANTONESE,Content Reviewer,2023,8,13,0,0.0,0.0,0.0,0.0,0,0,0,0,0,0,1,0.0,28.258888888888883,1.4372222222222222,0.0,0.0,2.978611111111112,0.0,0.0,0.0,0.7475,11.973333333333333,0,0,10.0,1640.0,2.0,0.0,0.0,0.0016483516483516484,0.0038705738705738704,12.0
2023-08-14,SG,CHINESE_CANTONESE,Content Reviewer,2023,8,14,0,0.0,0.0,0.0,0.0,1,0,0,0,0,0,0,0.0,64.22500000000002,3.995555555555555,2.086388888888889,0.0,8.018055555555556,0.0,0.0,3.1980555555555554,2.25,11.973333333333333,0,0,10.0,1640.0,2.0,0.0,0.0,0.0016483516483516484,0.0038705738705738704,12.0
2023-08-15,SG,CHINESE_CANTONESE,Content Reviewer,2023,8,15,0,0.0,0.0,0.0,0.0,0,1,0,0,0,0,0,0.0,74.19444444444443,4.128333333333333,1.9847222222222225,0.0,8.05111111111111,0.5177777777777778,0.0,3.2297222222222226,0.7430555555555556,11.973333333333333,0,0,10.0,1640.0,2.0,0.0,0.0,0.0016483516483516484,0.0038705738705738704,12.0
2023-08-16,SG,CHINESE_CANTONESE,Content Reviewer,2023,8,16,0,0.0,0.0,0.0,0.0,0,0,1,0,0,0,0,0.0,75.20194444444446,4.528611111111111,0.4305555555555556,6.801944444444445,9.062222222222225,1.0180555555555555,0.0,0.9416666666666668,0.7516666666666667,11.973333333333333,0,0,10.0,1640.0,2.0,0.0,0.0,0.0016483516483516484,0.0038705738705738704,12.0
2023-08-17,SG,CHINESE_CANTONESE,Content Reviewer,2023,8,17,0,0.0,0.0,0.0,0.0,0,0,0,1,0,0,0,0.0,51.09416666666665,2.2722222222222217,1.0152777777777775,0.0,4.990555555555555,0.0,0.0,1.7747222222222223,1.5091666666666668,11.973333333333333,0,0,10.0,1640.0,2.0,0.0,0.0,0.0016483516483516484,0.0038705738705738704,12.0
2023-08-18,SG,CHINESE_CANTONESE,Content Reviewer,2023,8,18,0,0.0,0.0,0.0,0.0,0,0,0,0,1,0,0,0.0,49.61527777777777,2.5172222222222227,0.7594444444444445,0.0,5.011666666666667,0.0,0.0,2.127222222222222,1.4994444444444444,11.973333333333333,0,0,10.0,1640.0,2.0,0.0,0.0,0.0016483516483516484,0.0038705738705738704,12.0
2023-08-19,SG,CHINESE_CANTONESE,Content Reviewer,2023,8,19,0,0.0,0.0,0.0,0.0,0,0,0,0,0,1,0,0.0,45.48972222222222,1.4972222222222222,0.0,0.0,2.990555555555556,0.0,0.0,0.0,0.0,11.973333333333333,0,0,10.0,1640.0,2.0,0.0,0.0,0.0016483516483516484,0.0038705738705738704,12.0
2023-08-20,SG,CHINESE_CANTONESE,Content Reviewer,2023,8,20,0,0.0,0.0,0.0,0.0,0,0,0,0,0,0,1,0.0,19.028611111111108,0.9952777777777778,0.0,0.0,1.998611111111112,0.0,0.0,0.0,0.0,11.973333333333333,0,0,10.0,1640.0,2.0,0.0,0.0,0.0016483516483516484,0.0038705738705738704,12.0
2023-08-21,SG,CHINESE_CANTONESE,Content Reviewer,2023,8,21,0,0.0,0.0,0.0,0.0,1,0,0,0,0,0,0,0.0,65.41916666666665,4.001944444444444,2.0080555555555555,2.7347222222222216,7.901944444444444,0.0,0.0,3.023611111111112,3.77,11.973333333333333,0,0,10.0,1640.0,2.0,0.0,0.0,0.0016483516483516484,0.0038705738705738704,12.0
2023-08-22,SG,CHINESE_CANTONESE,Content Reviewer,2023,8,22,0,0.0,0.0,0.0,0.0,0,1,0,0,0,0,0,0.0,75.53805555555554,4.4813888888888895,1.4372222222222222,0.0008333333333333,9.046111111111111,0.5125,0.0,3.3552777777777774,0.0,11.973333333333333,0,0,10.0,1640.0,2.0,0.0,0.0,0.0016483516483516484,0.0038705738705738704,12.0
2023-08-23,SG,CHINESE_CANTONESE,Content Reviewer,2023,8,23,0,0.0,0.0,0.0,0.0,0,0,1,0,0,0,0,0.0,52.842777777777776,2.811111111111111,0.2044444444444444,5.162777777777778,5.9991666666666665,0.0,0.0,3.828888888888889,0.0,11.973333333333333,0,0,10.0,1640.0,2.0,0.0,0.0,0.0016483516483516484,0.0038705738705738704,12.0
2023-08-24,SG,CHINESE_CANTONESE,Content Reviewer,2023,8,24,0,0.0,0.0,0.0,0.0,0,0,0,1,0,0,0,0.0,58.41944444444444,3.0933333333333333,0.7402777777777778,0.2536111111111111,5.931111111111111,0.5058333333333334,0.0,2.776666666666667,2.273055555555556,11.973333333333333,0,0,10.0,1640.0,2.0,0.0,0.0,0.0016483516483516484,0.0038705738705738704,12.0
2023-08-25,SG,CHINESE_CANTONESE,Content Reviewer,2023,8,25,0,0.0,0.0,0.0,0.0,0,0,0,0,1,0,0,0.0,58.61638888888888,3.2825,2.565555555555556,15.898888888888887,9.043611111111112,0.475,0.0,3.198888888888889,0.7477777777777778,11.973333333333333,0,0,10.0,1640.0,2.0,0.0,0.0,0.0016483516483516484,0.0038705738705738704,12.0
2023-08-26,SG,CHINESE_CANTONESE,Content Reviewer,2023,8,26,0,0.0,0.0,0.0,0.0,0,0,0,0,0,1,0,0.0,37.05527777777779,0.6730555555555555,0.0,0.0,1.998611111111112,0.0,0.0,0.0,0.0,11.973333333333333,0,0,10.0,1640.0,2.0,0.0,0.0,0.0016483516483516484,0.0038705738705738704,12.0
2023-08-27,SG,CHINESE_CANTONESE,Content Reviewer,2023,8,27,0,0.0,0.0,0.0,0.0,0,0,0,0,0,0,1,0.0,21.046666666666667,0.9691666666666666,0.0,0.0,1.998055555555556,0.0,0.0,0.0,0.0,11.973333333333333,0,0,10.0,1640.0,2.0,0.0,0.0,0.0016483516483516484,0.0038705738705738704,12.0
2023-08-28,SG,CHINESE_CANTONESE,Content Reviewer,2023,8,28,0,0.0,0.0,0.0,0.0,1,0,0,0,0,0,0,0.0,69.71249999999999,4.0455555555555565,3.2205555555555554,1.6241666666666668,7.960277777777778,0.0,8.3575,2.4658333333333333,3.734722222222222,11.984444444444444,1,0,10.0,1640.0,3.0,0.08333333333333333,0.0,0.0025742775742775745,0.0038705738705738704,12.0
2023-08-29,SG,CHINESE_CANTONESE,Content Reviewer,2023,8,29,0,0.0,0.0,0.0,0.0,0,1,0,0,0,0,0,0.0,76.39527777777779,4.114722222222222,2.2469444444444444,0.0,8.080833333333333,0.0,19.2425,3.0047222222222225,0.8847222222222222,12.992777777777777,0,0,10.0,1640.0,3.0,0.0,0.0,0.0025742775742775745,0.0031298331298331298,13.0
2023-08-30,SG,CHINESE_CANTONESE,Content Reviewer,2023,8,30,0,0.0,0.0,0.0,0.0,0,0,1,0,0,0,0,0.0,55.99555555555556,3.3150000000000004,1.975277777777778,5.238333333333333,7.135277777777778,0.0,18.120555555555555,5.910833333333334,0.0,12.992777777777777,0,0,10.0,1640.0,3.0,0.0,0.0,0.0025742775742775745,0.0031298331298331298,13.0
2023-08-31,SG,CHINESE_CANTONESE,Content Reviewer,2023,8,31,0,0.0,0.0,0.0,0.0,0,0,0,1,0,0,0,0.0,56.10027777777778,3.2358333333333333,3.834444444444445,0.0,6.9625,1.0002777777777778,18.085555555555555,4.268055555555556,0.7530555555555556,12.992777777777777,0,0,10.0,1640.0,3.0,0.0,0.0,0.0025742775742775745,0.0031298331298331298,13.0
2023-09-01,SG,CHINESE_CANTONESE,Content Reviewer,2023,9,1,0,0.0,0.0,0.0,0.0,0,0,0,0,1,0,0,0.0,64.63722222222222,4.269166666666667,5.000833333333334,0.0005555555555555,8.992777777777778,0.0,13.53111111111111,2.708888888888889,2.2202777777777776,12.992777777777777,0,0,10.0,2050.0,3.0,0.0,0.0,0.0025742775742775745,0.0031298331298331298,13.0
2023-09-02,SG,CHINESE_CANTONESE,Content Reviewer,2023,9,2,0,0.0,0.0,0.0,0.0,0,0,0,0,0,1,0,0.0,15.567777777777778,1.0080555555555557,0.0,0.0,2.0019444444444443,0.0,0.0,0.0,0.0,12.992777777777777,0,0,10.0,2050.0,3.0,0.0,0.0,0.0025742775742775745,0.0031298331298331298,13.0
2023-09-03,SG,CHINESE_CANTONESE,Content Reviewer,2023,9,3,0,0.0,0.0,0.0,0.0,0,0,0,0,0,0,1,0.0,17.10666666666667,0.98,0.0,0.0,1.903333333333333,0.0,0.0,0.0,0.0,12.992777777777777,0,0,10.0,2050.0,3.0,0.0,0.0,0.0025742775742775745,0.0031298331298331298,13.0
2023-09-04,SG,CHINESE_CANTONESE,Content Reviewer,2023,9,4,0,0.0,0.0,0.0,0.0,1,0,0,0,0,0,0,0.0,53.32527777777778,3.911666666666666,5.146388888888888,13.859166666666669,8.119444444444444,0.0,18.537222222222223,2.870555555555556,2.988611111111111,13.003888888888888,1,0,10.0,2050.0,4.0,0.07692307692307693,0.0,0.0034289784289784292,0.0031298331298331298,13.0
2023-09-05,SG,CHINESE_CANTONESE,Content Reviewer,2023,9,5,0,0.0,0.0,0.0,0.0,0,1,0,0,0,0,0,0.0,75.95250000000001,4.883055555555556,2.006666666666667,0.3038888888888889,10.018888888888888,1.51,29.02666666666667,4.859444444444444,0.0,14.004188034188033,0,0,10.0,2050.0,4.0,0.0,0.0,0.0034289784289784292,0.0031298331298331298,14.0
2023-09-06,SG,CHINESE_CANTONESE,Content Reviewer,2023,9,6,0,0.0,0.0,0.0,0.0,0,0,1,0,0,0,0,0.0,55.05722222222224,4.068611111111112,0.6602777777777777,9.725555555555555,8.110277777777778,1.96,29.376944444444447,0.4911111111111111,0.0,14.004188034188033,0,0,10.0,2050.0,4.0,0.0,0.0,0.0034289784289784292,0.0031298331298331298,14.0
2023-09-07,SG,CHINESE_CANTONESE,Content Reviewer,2023,9,7,0,0.0,0.0,0.0,0.0,0,0,0,1,0,0,0,0.0,75.62305555555554,4.491388888888889,2.4399999999999995,0.0,10.062222222222225,0.0,29.05222222222222,3.677222222222223,4.4675,14.004188034188033,0,0,10.0,2050.0,4.0,0.0,0.0,0.0034289784289784292,0.0031298331298331298,14.0
2023-09-08,SG,CHINESE_CANTONESE,Content Reviewer,2023,9,8,0,0.0,0.0,0.0,0.0,0,0,0,0,1,0,0,0.0,73.31555555555553,5.318611111111111,2.6666666666666665,0.0,11.428888888888888,0.0,0.0,3.5694444444444446,2.4627777777777777,13.98196581196581,0,2,10.0,2050.0,2.0,0.0,0.14285714285714285,0.0034289784289784292,0.004717134717134717,14.0
2023-09-09,SG,CHINESE_CANTONESE,Content Reviewer,2023,9,9,0,0.0,0.0,0.0,0.0,0,0,0,0,0,1,0,0.0,2.0116666666666667,0.0,0.0,0.0,0.0,0.0,0.0,0.0,0.0,11.862319902319902,0,11,10.0,2050.0,-9.0,0.0,0.9166666666666666,0.0034289784289784292,0.014902319902319902,12.0
